advisor_id;user_id
ad_04437;cs_23810
ad_04437;cs_91685
ad_04437;cs_38025
ad_04437;cs_11471
ad_04437;cs_59125
ad_04437;cs_15167
ad_04437;cs_97505
ad_04437;cs_31321
ad_04437;cs_27625
ad_04437;cs_80362
ad_04437;cs_95184
ad_04437;cs_19819
ad_04437;cs_39012
ad_04437;cs_26803
ad_04437;cs_38289
ad_04437;cs_66646
ad_04437;cs_49276
ad_04437;cs_98826
ad_04437;cs_39279
ad_04437;cs_52748
ad_04437;cs_30219
ad_04437;cs_95969
ad_04437;cs_83948
ad_04437;cs_95362
ad_07337;cs_56318
ad_07337;cs_27850
ad_07337;cs_90350
ad_07337;cs_64407
ad_07337;cs_09435
ad_07337;cs_75472
ad_07337;cs_25243
ad_07337;cs_41287
ad_07337;cs_77078
ad_07337;cs_80720
ad_07337;cs_77840
ad_07337;cs_62420
ad_07337;cs_52382
ad_07337;cs_92512
ad_07337;cs_21220
ad_07337;cs_55865
ad_07337;cs_01165
ad_07337;cs_39847
ad_07337;cs_46571
ad_07337;cs_25141
ad_07337;cs_24478
ad_07337;cs_14336
ad_07337;cs_05725
ad_07337;cs_94558
ad_07337;cs_91582
ad_07337;cs_61086
ad_07337;cs_19989
ad_07337;cs_86220
ad_07337;cs_58261
ad_07337;cs_39262
ad_07337;cs_52975
ad_07337;cs_80268
ad_07337;cs_68915
ad_07337;cs_01626
ad_07337;cs_19391
ad_07337;cs_55393
ad_07337;cs_43283
ad_07337;cs_47778
ad_07337;cs_24843
ad_07337;cs_06644
ad_07337;cs_70589
ad_07337;cs_10081
ad_07337;cs_29571
ad_07337;cs_78473
ad_07337;cs_40595
ad_07337;cs_13343
ad_07337;cs_50907
ad_07337;cs_39111
ad_07337;cs_63250
ad_07337;cs_68378
ad_07337;cs_48684
ad_07337;cs_60252
ad_07337;cs_09148
ad_07337;cs_02985
ad_07337;cs_50259
ad_07337;cs_89716
ad_07337;cs_98974
ad_07337;cs_04240
ad_07337;cs_28512
ad_07337;cs_65903
ad_07337;cs_23593
ad_07337;cs_30852
ad_07337;cs_36922
ad_07337;cs_60344
ad_07337;cs_76222
ad_07337;cs_21713
ad_07337;cs_83405
ad_07337;cs_13974
ad_07337;cs_60906
ad_07337;cs_74548
ad_07337;cs_40768
ad_07337;cs_92192
ad_07337;cs_60645
ad_07337;cs_32902
ad_07337;cs_40816
ad_07337;cs_58397
ad_07337;cs_89749
ad_07337;cs_39406
ad_07337;cs_41746
ad_07337;cs_25266
ad_07337;cs_93176
ad_07337;cs_92563
ad_07337;cs_40021
ad_07337;cs_82467
ad_07337;cs_04174
ad_07337;cs_90178
ad_07337;cs_48471
ad_07337;cs_29033
ad_07337;cs_23811
ad_07337;cs_30621
ad_07337;cs_24047
ad_07337;cs_38351
ad_07337;cs_44786
ad_07337;cs_19098
ad_07337;cs_02996
ad_07337;cs_76644
ad_07337;cs_33159
ad_07337;cs_82903
ad_07337;cs_78584
ad_07337;cs_05872
ad_07337;cs_21326
ad_07337;cs_26276
ad_07337;cs_28435
ad_07337;cs_55470
ad_07337;cs_63810
ad_07337;cs_76078
ad_07337;cs_65405
ad_07337;cs_70224
ad_07337;cs_98562
ad_07337;cs_44153
ad_07337;cs_79311
ad_07337;cs_98264
ad_07337;cs_05482
ad_07337;cs_97498
ad_07337;cs_43941
ad_07337;cs_00298
ad_07337;cs_90796
ad_07337;cs_60148
ad_07337;cs_44000
ad_07337;cs_59390
ad_07337;cs_62097
ad_07337;cs_12127
ad_07337;cs_22635
ad_07337;cs_53686
ad_07337;cs_31537
ad_07337;cs_94683
ad_07337;cs_28173
ad_07337;cs_46916
ad_07337;cs_27840
ad_07337;cs_23773
ad_07337;cs_99224
ad_07337;cs_48340
ad_07337;cs_17081
ad_07337;cs_06580
ad_07337;cs_49144
ad_07337;cs_07907
ad_07337;cs_94862
ad_07337;cs_50029
ad_07337;cs_31832
ad_07337;cs_09249
ad_07337;cs_56132
ad_07337;cs_31071
ad_07337;cs_72892
ad_07337;cs_45602
ad_07337;cs_13234
ad_07337;cs_56176
ad_07337;cs_79541
ad_07337;cs_79890
ad_07337;cs_54302
ad_07337;cs_38385
ad_07337;cs_07208
ad_07337;cs_29725
ad_07337;cs_83099
ad_07337;cs_53040
ad_07337;cs_09035
ad_07337;cs_81733
ad_07337;cs_12524
ad_07337;cs_12988
ad_07337;cs_95843
ad_07337;cs_31560
ad_07337;cs_17435
ad_07337;cs_03629
ad_07337;cs_04113
ad_07337;cs_96769
ad_07337;cs_62856
ad_07337;cs_85382
ad_07337;cs_00661
ad_07337;cs_26351
ad_07337;cs_98183
ad_07337;cs_67319
ad_07337;cs_33051
ad_07337;cs_69253
ad_07337;cs_28975
ad_07337;cs_16577
ad_07337;cs_59921
ad_07337;cs_49423
ad_07337;cs_71395
ad_07337;cs_54537
ad_07337;cs_35649
ad_07337;cs_10766
ad_07337;cs_03794
ad_07337;cs_48515
ad_07337;cs_72305
ad_07337;cs_04265
ad_07337;cs_09283
ad_07337;cs_97909
ad_07337;cs_35585
ad_07337;cs_68313
ad_07337;cs_35711
ad_07337;cs_17804
ad_07337;cs_43151
ad_07337;cs_60989
ad_07337;cs_76141
ad_07337;cs_02832
ad_07337;cs_99974
ad_07337;cs_97839
ad_07337;cs_69973
ad_07337;cs_78726
ad_07337;cs_37925
ad_07337;cs_60118
ad_07337;cs_22642
ad_07337;cs_75737
ad_07337;cs_70166
ad_07337;cs_83520
ad_07337;cs_55902
ad_07337;cs_64397
ad_07337;cs_66431
ad_07337;cs_15641
ad_07337;cs_62051
ad_07337;cs_82794
ad_07337;cs_91117
ad_07337;cs_61274
ad_07337;cs_79721
ad_07337;cs_55861
ad_07337;cs_38265
ad_07337;cs_36341
ad_07337;cs_67918
ad_07337;cs_07230
ad_07337;cs_00459
ad_07337;cs_82221
ad_07337;cs_72131
ad_07337;cs_32813
ad_07337;cs_69328
ad_07337;cs_31524
ad_07337;cs_40898
ad_07337;cs_30737
ad_07337;cs_97634
ad_07337;cs_95562
ad_07337;cs_63213
ad_07337;cs_83189
ad_07337;cs_18630
ad_07337;cs_87003
ad_07337;cs_79917
ad_07337;cs_89824
ad_07337;cs_49410
ad_07337;cs_37618
ad_07337;cs_62536
ad_07337;cs_96754
ad_07337;cs_38465
ad_07337;cs_77593
ad_07337;cs_42354
ad_07337;cs_26919
ad_07337;cs_82215
ad_07337;cs_49368
ad_07337;cs_82627
ad_07337;cs_22305
ad_07337;cs_32557
ad_07337;cs_22465
ad_07337;cs_48719
ad_07337;cs_59539
ad_07337;cs_55389
ad_07337;cs_58971
ad_07337;cs_72118
ad_07337;cs_30174
ad_07337;cs_67176
ad_07337;cs_71007
ad_07337;cs_78408
ad_07337;cs_28376
ad_07337;cs_57614
ad_07337;cs_25189
ad_07337;cs_90933
ad_07337;cs_10415
ad_07337;cs_43176
ad_07337;cs_84189
ad_07337;cs_58179
ad_07337;cs_06561
ad_07337;cs_40600
ad_07337;cs_33981
ad_07337;cs_87412
ad_07337;cs_89382
ad_07337;cs_83237
ad_07337;cs_79277
ad_07337;cs_43047
ad_07337;cs_15395
ad_07337;cs_10978
ad_07337;cs_24567
ad_07337;cs_96524
ad_07337;cs_08572
ad_07337;cs_73456
ad_07337;cs_69718
ad_07337;cs_22447
ad_07337;cs_69922
ad_07337;cs_26666
ad_07337;cs_59977
ad_07337;cs_19805
ad_07337;cs_51066
ad_07337;cs_26824
ad_07337;cs_11379
ad_07337;cs_63709
ad_07337;cs_00609
ad_07337;cs_29582
ad_07337;cs_44877
ad_07337;cs_49181
ad_07337;cs_63887
ad_07337;cs_76678
ad_07337;cs_08049
ad_07337;cs_59953
ad_07337;cs_96110
ad_07337;cs_86844
ad_07337;cs_96622
ad_07337;cs_06007
ad_07337;cs_14096
ad_07337;cs_82378
ad_07337;cs_57796
ad_07337;cs_79162
ad_12776;cs_17318
ad_12776;cs_90526
ad_12776;cs_43006
ad_12776;cs_02215
ad_12776;cs_39747
ad_12776;cs_93267
ad_12776;cs_10763
ad_12776;cs_46382
ad_12776;cs_86876
ad_12776;cs_53403
ad_12776;cs_81156
ad_12776;cs_41865
ad_12776;cs_29761
ad_12776;cs_38675
ad_12776;cs_40435
ad_12776;cs_27983
ad_12776;cs_05816
ad_12776;cs_08341
ad_12776;cs_81943
ad_12776;cs_31679
ad_12776;cs_25199
ad_12776;cs_10477
ad_12776;cs_07476
ad_12776;cs_57858
ad_12776;cs_74422
ad_12776;cs_98898
ad_12776;cs_63816
ad_12776;cs_93793
ad_12776;cs_90773
ad_12776;cs_17481
ad_12776;cs_33608
ad_12776;cs_09455
ad_12776;cs_91337
ad_12776;cs_46197
ad_12776;cs_49970
ad_12776;cs_58461
ad_12776;cs_38210
ad_12776;cs_74399
ad_12776;cs_63999
ad_12776;cs_25210
ad_12776;cs_19154
ad_12776;cs_44476
ad_12776;cs_37986
ad_12776;cs_19023
ad_12776;cs_43494
ad_12776;cs_45905
ad_12776;cs_75554
ad_12776;cs_67645
ad_12776;cs_52023
ad_12776;cs_28868
ad_12776;cs_16731
ad_12776;cs_62015
ad_12776;cs_78603
ad_12776;cs_99462
ad_12776;cs_39045
ad_12776;cs_63151
ad_12776;cs_59131
ad_12776;cs_89107
ad_12776;cs_11201
ad_12776;cs_31788
ad_12776;cs_00895
ad_12776;cs_96813
ad_12776;cs_47678
ad_12776;cs_06266
ad_12776;cs_90477
ad_12776;cs_68675
ad_12776;cs_65795
ad_12776;cs_20489
ad_12776;cs_31161
ad_12776;cs_99176
ad_12776;cs_10465
ad_12776;cs_63195
ad_12776;cs_82994
ad_12776;cs_48411
ad_12776;cs_48884
ad_12776;cs_97306
ad_12776;cs_56978
ad_12776;cs_11530
ad_12776;cs_81288
ad_12776;cs_27375
ad_12776;cs_03941
ad_12776;cs_51401
ad_12776;cs_02153
ad_12776;cs_16838
ad_12776;cs_22500
ad_12776;cs_80694
ad_12776;cs_18668
ad_12776;cs_98389
ad_12776;cs_15051
ad_12776;cs_74260
ad_12776;cs_80352
ad_12776;cs_63660
ad_12776;cs_00233
ad_12776;cs_63538
ad_12776;cs_74563
ad_12776;cs_72339
ad_12776;cs_80995
ad_12776;cs_59553
ad_12776;cs_79705
ad_12776;cs_71476
ad_12776;cs_77911
ad_12776;cs_28294
ad_12776;cs_57509
ad_12776;cs_15596
ad_12776;cs_23956
ad_12776;cs_03929
ad_12776;cs_76727
ad_12776;cs_92056
ad_12776;cs_84364
ad_12776;cs_55537
ad_12776;cs_46645
ad_12776;cs_65401
ad_12776;cs_02980
ad_12776;cs_97185
ad_12776;cs_60538
ad_12776;cs_32573
ad_12776;cs_79387
ad_12776;cs_39720
ad_12776;cs_78804
ad_12776;cs_30329
ad_12776;cs_45844
ad_12776;cs_86723
ad_12776;cs_69265
ad_12776;cs_86391
ad_12776;cs_00361
ad_12776;cs_73267
ad_12776;cs_87649
ad_12776;cs_12232
ad_12776;cs_34024
ad_12776;cs_54533
ad_12776;cs_61149
ad_12776;cs_45000
ad_12776;cs_38633
ad_12776;cs_12937
ad_12776;cs_98148
ad_12776;cs_15934
ad_12776;cs_63986
ad_12776;cs_39640
ad_12776;cs_07248
ad_12776;cs_82490
ad_12776;cs_91201
ad_12776;cs_95674
ad_12776;cs_75368
ad_12776;cs_76878
ad_12776;cs_04581
ad_12776;cs_85454
ad_12776;cs_05864
ad_12776;cs_56869
ad_12776;cs_94080
ad_12776;cs_25183
ad_12776;cs_35614
ad_12776;cs_57261
ad_12776;cs_02458
ad_12776;cs_68734
ad_12776;cs_29627
ad_12776;cs_00337
ad_12776;cs_95506
ad_12776;cs_08130
ad_12776;cs_38423
ad_12776;cs_65898
ad_12776;cs_77959
ad_12776;cs_74491
ad_12776;cs_45231
ad_12776;cs_12366
ad_12776;cs_30868
ad_12776;cs_71762
ad_12776;cs_18441
ad_12776;cs_57393
ad_12776;cs_94739
ad_12776;cs_63024
ad_12776;cs_28738
ad_12776;cs_29476
ad_12776;cs_05045
ad_12776;cs_18678
ad_12776;cs_07549
ad_12776;cs_22313
ad_12776;cs_51774
ad_12776;cs_45147
ad_12776;cs_33894
ad_12776;cs_96005
ad_12776;cs_13830
ad_12776;cs_20060
ad_12776;cs_91370
ad_12776;cs_59949
ad_12776;cs_51028
ad_12776;cs_52160
ad_12776;cs_41538
ad_12776;cs_24577
ad_12776;cs_07593
ad_12776;cs_58599
ad_12776;cs_90976
ad_12776;cs_22353
ad_12776;cs_17225
ad_12776;cs_70273
ad_12776;cs_93661
ad_12776;cs_83385
ad_12776;cs_55936
ad_12776;cs_06292
ad_12776;cs_57349
ad_12776;cs_49195
ad_12776;cs_98034
ad_12776;cs_83601
ad_12776;cs_24923
ad_12776;cs_60420
ad_12776;cs_29980
ad_12776;cs_45556
ad_12776;cs_08945
ad_12776;cs_42163
ad_12776;cs_25318
ad_12776;cs_86695
ad_12776;cs_66298
ad_12776;cs_83358
ad_12776;cs_71491
ad_12776;cs_24620
ad_12776;cs_28248
ad_12776;cs_84163
ad_12776;cs_97316
ad_12776;cs_47071
ad_12776;cs_26714
ad_12776;cs_08943
ad_12776;cs_50386
ad_12776;cs_64272
ad_12776;cs_91011
ad_12776;cs_62145
ad_12776;cs_10389
ad_12776;cs_24354
ad_12776;cs_73164
ad_12776;cs_40294
ad_12776;cs_62538
ad_12776;cs_65031
ad_12776;cs_08183
ad_12776;cs_53706
ad_12776;cs_38490
ad_12776;cs_69979
ad_12776;cs_32110
ad_12776;cs_96601
ad_12776;cs_41433
ad_12776;cs_04117
ad_20778;cs_48022
ad_20778;cs_31652
ad_20778;cs_87893
ad_20778;cs_01929
ad_20778;cs_78147
ad_20778;cs_15545
ad_20778;cs_90389
ad_20778;cs_99981
ad_20778;cs_21295
ad_20778;cs_62657
ad_20778;cs_61377
ad_20778;cs_27805
ad_20778;cs_77043
ad_20778;cs_93067
ad_20778;cs_46592
ad_20778;cs_26404
ad_20778;cs_59474
ad_20778;cs_98978
ad_20778;cs_87258
ad_20778;cs_15473
ad_20778;cs_23154
ad_20778;cs_98466
ad_20778;cs_21321
ad_20778;cs_98282
ad_20778;cs_04864
ad_20778;cs_37697
ad_20778;cs_05713
ad_20778;cs_44157
ad_20778;cs_50697
ad_20778;cs_16940
ad_20778;cs_29795
ad_20778;cs_39775
ad_20778;cs_36056
ad_20778;cs_88022
ad_20778;cs_61664
ad_20778;cs_83487
ad_20778;cs_94697
ad_20778;cs_47511
ad_20778;cs_62194
ad_20778;cs_85010
ad_20778;cs_75902
ad_20778;cs_00357
ad_20778;cs_73590
ad_20778;cs_83563
ad_20778;cs_62887
ad_20778;cs_60774
ad_20778;cs_71358
ad_20778;cs_08863
ad_20778;cs_07922
ad_20778;cs_04635
ad_20778;cs_23805
ad_20778;cs_91785
ad_20778;cs_76050
ad_20778;cs_84521
ad_20778;cs_74813
ad_20778;cs_47537
ad_20778;cs_00963
ad_20778;cs_40593
ad_20778;cs_14669
ad_20778;cs_04826
ad_20778;cs_01961
ad_20778;cs_50176
ad_20778;cs_83416
ad_20778;cs_85092
ad_20778;cs_80896
ad_20778;cs_64309
ad_20778;cs_38963
ad_20778;cs_49277
ad_20778;cs_90435
ad_20778;cs_99030
ad_20778;cs_63644
ad_20778;cs_84565
ad_20778;cs_12113
ad_20778;cs_62235
ad_20778;cs_91605
ad_20778;cs_20055
ad_20778;cs_35736
ad_20778;cs_02537
ad_20778;cs_96326
ad_20778;cs_52554
ad_20778;cs_07265
ad_20778;cs_08980
ad_20778;cs_31220
ad_20778;cs_17368
ad_20778;cs_64780
ad_20778;cs_00971
ad_20778;cs_01969
ad_20778;cs_17046
ad_20778;cs_27471
ad_20778;cs_00400
ad_20778;cs_98394
ad_20778;cs_98361
ad_20778;cs_25700
ad_20778;cs_96339
ad_20778;cs_88940
ad_20778;cs_42794
ad_20778;cs_47367
ad_20778;cs_15749
ad_20778;cs_47927
ad_20778;cs_78779
ad_20778;cs_74664
ad_20778;cs_70518
ad_20778;cs_81164
ad_20778;cs_41505
ad_20778;cs_99904
ad_20778;cs_27173
ad_20778;cs_27499
ad_20778;cs_60256
ad_20778;cs_00764
ad_20778;cs_59457
ad_20778;cs_94484
ad_20778;cs_22900
ad_20778;cs_10243
ad_20778;cs_02122
ad_20778;cs_90307
ad_20778;cs_67928
ad_20778;cs_25408
ad_20778;cs_99493
ad_20778;cs_63523
ad_20778;cs_78872
ad_20778;cs_43027
ad_20778;cs_58858
ad_20778;cs_13249
ad_20778;cs_34564
ad_20778;cs_12484
ad_20778;cs_97888
ad_20778;cs_23662
ad_20778;cs_56271
ad_20778;cs_48691
ad_20778;cs_18059
ad_20778;cs_58103
ad_20778;cs_88280
ad_20778;cs_17738
ad_20778;cs_86270
ad_20778;cs_23349
ad_20778;cs_76983
ad_20778;cs_23954
ad_20778;cs_15100
ad_20778;cs_47838
ad_20778;cs_81800
ad_20778;cs_21051
ad_20778;cs_21207
ad_20778;cs_40682
ad_20778;cs_73706
ad_20778;cs_13586
ad_20778;cs_56766
ad_20778;cs_63049
ad_20778;cs_88738
ad_20778;cs_94637
ad_20778;cs_64605
ad_20778;cs_14859
ad_20778;cs_88755
ad_20778;cs_01592
ad_20778;cs_89611
ad_20778;cs_12523
ad_20778;cs_66964
ad_20778;cs_13013
ad_20778;cs_90130
ad_20778;cs_59316
ad_20778;cs_36349
ad_20778;cs_13396
ad_20778;cs_64097
ad_20778;cs_29088
ad_20778;cs_92536
ad_20778;cs_31382
ad_20778;cs_11262
ad_20778;cs_64338
ad_20778;cs_25329
ad_20778;cs_90858
ad_20778;cs_08017
ad_20778;cs_26797
ad_20778;cs_39970
ad_20778;cs_29551
ad_20778;cs_23046
ad_20778;cs_62077
ad_20778;cs_77090
ad_20778;cs_65093
ad_20778;cs_01385
ad_20778;cs_08233
ad_20778;cs_43875
ad_20778;cs_76143
ad_20778;cs_46550
ad_20778;cs_36225
ad_20778;cs_07594
ad_20778;cs_01168
ad_20778;cs_51282
ad_20778;cs_51436
ad_20778;cs_05510
ad_20778;cs_24803
ad_20778;cs_02927
ad_20778;cs_92503
ad_20778;cs_66617
ad_20778;cs_67776
ad_20778;cs_87187
ad_20778;cs_95292
ad_20778;cs_47325
ad_20778;cs_47320
ad_20778;cs_04784
ad_20778;cs_69604
ad_20778;cs_32606
ad_20778;cs_93180
ad_20778;cs_76902
ad_20778;cs_93004
ad_20778;cs_04842
ad_20778;cs_59580
ad_20778;cs_00240
ad_20778;cs_65819
ad_20778;cs_24452
ad_20778;cs_02931
ad_20778;cs_95342
ad_20778;cs_59594
ad_20778;cs_78128
ad_20778;cs_46255
ad_20778;cs_09733
ad_20778;cs_68639
ad_20778;cs_16059
ad_20778;cs_09288
ad_20778;cs_32805
ad_20778;cs_27632
ad_20778;cs_49244
ad_20778;cs_61522
ad_20778;cs_58204
ad_20778;cs_36052
ad_20778;cs_65085
ad_20778;cs_53681
ad_20778;cs_92637
ad_20778;cs_82616
ad_20778;cs_02362
ad_20778;cs_78391
ad_20778;cs_01474
ad_20778;cs_30317
ad_20778;cs_83294
ad_20778;cs_38813
ad_20778;cs_57998
ad_20778;cs_34395
ad_20778;cs_17929
ad_20778;cs_66639
ad_20778;cs_95121
ad_20778;cs_56399
ad_20778;cs_45654
ad_20778;cs_96889
ad_20778;cs_38881
ad_20778;cs_70711
ad_20778;cs_12025
ad_20778;cs_72236
ad_20778;cs_14314
ad_20778;cs_12733
ad_20778;cs_01154
ad_20778;cs_44959
ad_20778;cs_39733
ad_20778;cs_44646
ad_20778;cs_86462
ad_20778;cs_91329
ad_20778;cs_54967
ad_20778;cs_18624
ad_20778;cs_94924
ad_20778;cs_41452
ad_20778;cs_14283
ad_20778;cs_53750
ad_20778;cs_41249
ad_20778;cs_15347
ad_20778;cs_81414
ad_20778;cs_17363
ad_20778;cs_47021
ad_20778;cs_99396
ad_20778;cs_88333
ad_20778;cs_63435
ad_20778;cs_86109
ad_20778;cs_81318
ad_20778;cs_06532
ad_20778;cs_12292
ad_20778;cs_05769
ad_20778;cs_10823
ad_20778;cs_39446
ad_20778;cs_26650
ad_20778;cs_45471
ad_20778;cs_79658
ad_20778;cs_48061
ad_20778;cs_07249
ad_20778;cs_00950
ad_20778;cs_96978
ad_20778;cs_73743
ad_20778;cs_02570
ad_20778;cs_06732
ad_20778;cs_20947
ad_20778;cs_60749
ad_20778;cs_57527
ad_20778;cs_98819
ad_20778;cs_92768
ad_20778;cs_92796
ad_20778;cs_29400
ad_20778;cs_58388
ad_20778;cs_48686
ad_20778;cs_12378
ad_20778;cs_77513
ad_20778;cs_47935
ad_20778;cs_45868
ad_20778;cs_49884
ad_20778;cs_29109
ad_20778;cs_46684
ad_20778;cs_48624
ad_20778;cs_42587
ad_20778;cs_80404
ad_20778;cs_18702
ad_20778;cs_34755
ad_20778;cs_67795
ad_20778;cs_43492
ad_20778;cs_10798
ad_20778;cs_99155
ad_20778;cs_99306
ad_20778;cs_01412
ad_24042;cs_44310
ad_24042;cs_92744
ad_24042;cs_80818
ad_24042;cs_04034
ad_24042;cs_81771
ad_24042;cs_65880
ad_24042;cs_98455
ad_24042;cs_17559
ad_24042;cs_88734
ad_24042;cs_57924
ad_24042;cs_50995
ad_24042;cs_43604
ad_24042;cs_67346
ad_24042;cs_20192
ad_24042;cs_89232
ad_24042;cs_14617
ad_24042;cs_81985
ad_24042;cs_49376
ad_24042;cs_03974
ad_24042;cs_59909
ad_24042;cs_83693
ad_24042;cs_98951
ad_24042;cs_22526
ad_24042;cs_93796
ad_24042;cs_29036
ad_24042;cs_57645
ad_24042;cs_80076
ad_24042;cs_53870
ad_24042;cs_04079
ad_24042;cs_09693
ad_24042;cs_68716
ad_24042;cs_00083
ad_24042;cs_96827
ad_24042;cs_54629
ad_24042;cs_73355
ad_24042;cs_68092
ad_24042;cs_79526
ad_24042;cs_99549
ad_24042;cs_41242
ad_24042;cs_41235
ad_24042;cs_93600
ad_24042;cs_13029
ad_24042;cs_63637
ad_24042;cs_68048
ad_24042;cs_38643
ad_24042;cs_66159
ad_24042;cs_40974
ad_24042;cs_34392
ad_24042;cs_34137
ad_24042;cs_36370
ad_24042;cs_39304
ad_24042;cs_25711
ad_24042;cs_05113
ad_24042;cs_36838
ad_24042;cs_25611
ad_24042;cs_25032
ad_24042;cs_31590
ad_24042;cs_82678
ad_24042;cs_23672
ad_24042;cs_23861
ad_24042;cs_45331
ad_24042;cs_05180
ad_24042;cs_03317
ad_24042;cs_15353
ad_24042;cs_38256
ad_24042;cs_67391
ad_24042;cs_75940
ad_24042;cs_42467
ad_24042;cs_93828
ad_24042;cs_42862
ad_24042;cs_87914
ad_24042;cs_07057
ad_24042;cs_84911
ad_24042;cs_89043
ad_24042;cs_61668
ad_24042;cs_48830
ad_24042;cs_14990
ad_24042;cs_80941
ad_24042;cs_71962
ad_24042;cs_45944
ad_24042;cs_12586
ad_24042;cs_28976
ad_24042;cs_87894
ad_24042;cs_50724
ad_24042;cs_07263
ad_24042;cs_44296
ad_24042;cs_52375
ad_24042;cs_08540
ad_24042;cs_66792
ad_24042;cs_54223
ad_24042;cs_87101
ad_24042;cs_23869
ad_24042;cs_78578
ad_24042;cs_52702
ad_24042;cs_85886
ad_24042;cs_09195
ad_24042;cs_55533
ad_29975;cs_11462
ad_29975;cs_36368
ad_29975;cs_99090
ad_29975;cs_75871
ad_29975;cs_24092
ad_29975;cs_27879
ad_29975;cs_09025
ad_29975;cs_90199
ad_29975;cs_10883
ad_29975;cs_32896
ad_29975;cs_57345
ad_29975;cs_37181
ad_29975;cs_23047
ad_29975;cs_22174
ad_29975;cs_73818
ad_29975;cs_53253
ad_29975;cs_52914
ad_29975;cs_72181
ad_31332;cs_93136
ad_31332;cs_09712
ad_31332;cs_22906
ad_31332;cs_29257
ad_31332;cs_47447
ad_31332;cs_94209
ad_31332;cs_35218
ad_31332;cs_85058
ad_31332;cs_53108
ad_31332;cs_34591
ad_31332;cs_55613
ad_31332;cs_76842
ad_31332;cs_17495
ad_31332;cs_69627
ad_31332;cs_44399
ad_31332;cs_85105
ad_31332;cs_18725
ad_31332;cs_83837
ad_31332;cs_69932
ad_31332;cs_45094
ad_31332;cs_07086
ad_31332;cs_14714
ad_31332;cs_10326
ad_31332;cs_72667
ad_31332;cs_84050
ad_31332;cs_28599
ad_31332;cs_62359
ad_31332;cs_06893
ad_31332;cs_98890
ad_31332;cs_95528
ad_31332;cs_13692
ad_31332;cs_10606
ad_31332;cs_76675
ad_31332;cs_93605
ad_31332;cs_87140
ad_31332;cs_74318
ad_31332;cs_58299
ad_31332;cs_24474
ad_31332;cs_13957
ad_31332;cs_71116
ad_31332;cs_59043
ad_31332;cs_81438
ad_31332;cs_10900
ad_31332;cs_70933
ad_31332;cs_81555
ad_31332;cs_14231
ad_31332;cs_21867
ad_31332;cs_88873
ad_31332;cs_59227
ad_31332;cs_49825
ad_31332;cs_06549
ad_31332;cs_84844
ad_31332;cs_14357
ad_31332;cs_96273
ad_31332;cs_90586
ad_31332;cs_59808
ad_31332;cs_69245
ad_31332;cs_14432
ad_36704;cs_89996
ad_36704;cs_98060
ad_36704;cs_05551
ad_36704;cs_33908
ad_36704;cs_43558
ad_36704;cs_56265
ad_36704;cs_03636
ad_37800;cs_87949
ad_37800;cs_40555
ad_37800;cs_34652
ad_37800;cs_73799
ad_37800;cs_62062
ad_40136;cs_33823
ad_40136;cs_41153
ad_40136;cs_75957
ad_40136;cs_93370
ad_40136;cs_19879
ad_40136;cs_09682
ad_40136;cs_61025
ad_40136;cs_70316
ad_40136;cs_91437
ad_40136;cs_81309
ad_40136;cs_74743
ad_40136;cs_76936
ad_40136;cs_30071
ad_40136;cs_79559
ad_40136;cs_43367
ad_40136;cs_86795
ad_40136;cs_19685
ad_40136;cs_62576
ad_40136;cs_82367
ad_40136;cs_05850
ad_40136;cs_65579
ad_40136;cs_49090
ad_40136;cs_43226
ad_40136;cs_44887
ad_40136;cs_72781
ad_40136;cs_84660
ad_40136;cs_58796
ad_40136;cs_35419
ad_40136;cs_76148
ad_40136;cs_14376
ad_40136;cs_68195
ad_40136;cs_07052
ad_40136;cs_61460
ad_40136;cs_86683
ad_40136;cs_20863
ad_40136;cs_94711
ad_40136;cs_60792
ad_40136;cs_42219
ad_40136;cs_86384
ad_40136;cs_45784
ad_40136;cs_56768
ad_40136;cs_12416
ad_40136;cs_67120
ad_40136;cs_82894
ad_40136;cs_44019
ad_40136;cs_55039
ad_40136;cs_07509
ad_40136;cs_90638
ad_40136;cs_43319
ad_40136;cs_01544
ad_40136;cs_69114
ad_40136;cs_84256
ad_40136;cs_53141
ad_40136;cs_15907
ad_40136;cs_65949
ad_40136;cs_65461
ad_40136;cs_73698
ad_40136;cs_30335
ad_40136;cs_81858
ad_40136;cs_68791
ad_40136;cs_84644
ad_40136;cs_90324
ad_40136;cs_39761
ad_40136;cs_19481
ad_40136;cs_42203
ad_40136;cs_11683
ad_40136;cs_79830
ad_40136;cs_53594
ad_40136;cs_69213
ad_40136;cs_58804
ad_40136;cs_31081
ad_40136;cs_02743
ad_40136;cs_70826
ad_40136;cs_39613
ad_40136;cs_92822
ad_40136;cs_37644
ad_40136;cs_83055
ad_40136;cs_23802
ad_40136;cs_49025
ad_40136;cs_31929
ad_40136;cs_86222
ad_40136;cs_71188
ad_40136;cs_16104
ad_40136;cs_81849
ad_40136;cs_51196
ad_40136;cs_41294
ad_40136;cs_84451
ad_40136;cs_39412
ad_40136;cs_99949
ad_40136;cs_12259
ad_40136;cs_30654
ad_40136;cs_33794
ad_40136;cs_31871
ad_40136;cs_37033
ad_40136;cs_35143
ad_40136;cs_25519
ad_40136;cs_47768
ad_40136;cs_43387
ad_40136;cs_34330
ad_40136;cs_36776
ad_40136;cs_61197
ad_40136;cs_49991
ad_40136;cs_86998
ad_40136;cs_35806
ad_40136;cs_85787
ad_40136;cs_47173
ad_40136;cs_28229
ad_40136;cs_00283
ad_40136;cs_75061
ad_40136;cs_48707
ad_40136;cs_88908
ad_40136;cs_81606
ad_40136;cs_13775
ad_40136;cs_81084
ad_40136;cs_62521
ad_40136;cs_82393
ad_40136;cs_54367
ad_40136;cs_99505
ad_40136;cs_79515
ad_40136;cs_13037
ad_40136;cs_58846
ad_40136;cs_32795
ad_40136;cs_53200
ad_40136;cs_36499
ad_40136;cs_88036
ad_40136;cs_26483
ad_40136;cs_27051
ad_40136;cs_72788
ad_40136;cs_97507
ad_40136;cs_43254
ad_40136;cs_59780
ad_40136;cs_31534
ad_40136;cs_95279
ad_40136;cs_83038
ad_40136;cs_46216
ad_40136;cs_25754
ad_40136;cs_71604
ad_40136;cs_42700
ad_40136;cs_38855
ad_40136;cs_68631
ad_40136;cs_28233
ad_40136;cs_54925
ad_40136;cs_07402
ad_40136;cs_54788
ad_40136;cs_48497
ad_40136;cs_53724
ad_40136;cs_28382
ad_40136;cs_34317
ad_40136;cs_79137
ad_40136;cs_92236
ad_40136;cs_28739
ad_40136;cs_35299
ad_40136;cs_24038
ad_40136;cs_39922
ad_40136;cs_34917
ad_40136;cs_91657
ad_40136;cs_18319
ad_40136;cs_73611
ad_40136;cs_37205
ad_40136;cs_76268
ad_40136;cs_31170
ad_40136;cs_32639
ad_40136;cs_21585
ad_40136;cs_88900
ad_40136;cs_52587
ad_40136;cs_75721
ad_40136;cs_82036
ad_40136;cs_80988
ad_40136;cs_87080
ad_40136;cs_74172
ad_40136;cs_64100
ad_40136;cs_10285
ad_40136;cs_39384
ad_40136;cs_10739
ad_40136;cs_43344
ad_40136;cs_48841
ad_40136;cs_32366
ad_40136;cs_90497
ad_40136;cs_04597
ad_40136;cs_49662
ad_40136;cs_91813
ad_40136;cs_88481
ad_40136;cs_56801
ad_40136;cs_43953
ad_40136;cs_11741
ad_40136;cs_91809
ad_40136;cs_44342
ad_40136;cs_01471
ad_40136;cs_62205
ad_40136;cs_01441
ad_40136;cs_66827
ad_40136;cs_12478
ad_40136;cs_24368
ad_40136;cs_29501
ad_40136;cs_63606
ad_40136;cs_88574
ad_40136;cs_84480
ad_40136;cs_96557
ad_40136;cs_73276
ad_40136;cs_73472
ad_40136;cs_70938
ad_40136;cs_21171
ad_40136;cs_26207
ad_40136;cs_67186
ad_40136;cs_07638
ad_40136;cs_79251
ad_40136;cs_71658
ad_40136;cs_00487
ad_40136;cs_34699
ad_40136;cs_34874
ad_40136;cs_58600
ad_40136;cs_67959
ad_40136;cs_52279
ad_40136;cs_36726
ad_40136;cs_93984
ad_40136;cs_98927
ad_40136;cs_49467
ad_40136;cs_82005
ad_40136;cs_79779
ad_40136;cs_31755
ad_40136;cs_82228
ad_40136;cs_78881
ad_40136;cs_45190
ad_40136;cs_27582
ad_40136;cs_38925
ad_40136;cs_08711
ad_40136;cs_06376
ad_40136;cs_15820
ad_40136;cs_12976
ad_40136;cs_09940
ad_40136;cs_99888
ad_40136;cs_53800
ad_40136;cs_33689
ad_40136;cs_14699
ad_40136;cs_64824
ad_40136;cs_09619
ad_40136;cs_67783
ad_40136;cs_49162
ad_40136;cs_90359
ad_40136;cs_87790
ad_40136;cs_87076
ad_40136;cs_82588
ad_40136;cs_22657
ad_40136;cs_50668
ad_40136;cs_99060
ad_40136;cs_56517
ad_40136;cs_08720
ad_40136;cs_77052
ad_40136;cs_99550
ad_40136;cs_91956
ad_40136;cs_02455
ad_40136;cs_76807
ad_40136;cs_94605
ad_40136;cs_01200
ad_40136;cs_27521
ad_40136;cs_60466
ad_40136;cs_31731
ad_40136;cs_24346
ad_40136;cs_83951
ad_40136;cs_91334
ad_40136;cs_09868
ad_40136;cs_74614
ad_40136;cs_75243
ad_40136;cs_96456
ad_40136;cs_83065
ad_40136;cs_81189
ad_40136;cs_63173
ad_40136;cs_06891
ad_42542;cs_56637
ad_42542;cs_52970
ad_42542;cs_39937
ad_42542;cs_40910
ad_42542;cs_58860
ad_42542;cs_10671
ad_46452;cs_96112
ad_46452;cs_20775
ad_46452;cs_62870
ad_46452;cs_83193
ad_46452;cs_33963
ad_46452;cs_09444
ad_46452;cs_32066
ad_46452;cs_32660
ad_46452;cs_13902
ad_46452;cs_23433
ad_46452;cs_15609
ad_46452;cs_14663
ad_46452;cs_68855
ad_46452;cs_69415
ad_46452;cs_15839
ad_46452;cs_51846
ad_46452;cs_83593
ad_46452;cs_49490
ad_46452;cs_73123
ad_46452;cs_58770
ad_46452;cs_24821
ad_46452;cs_95433
ad_46452;cs_15931
ad_46452;cs_20771
ad_46452;cs_76560
ad_46452;cs_26091
ad_46452;cs_15761
ad_46452;cs_54453
ad_46452;cs_97255
ad_46452;cs_78639
ad_46452;cs_17903
ad_46452;cs_71143
ad_46452;cs_53610
ad_46452;cs_24328
ad_46452;cs_48054
ad_46452;cs_09668
ad_46452;cs_51341
ad_46452;cs_29916
ad_46452;cs_65370
ad_46452;cs_19596
ad_46452;cs_14090
ad_46452;cs_66313
ad_46452;cs_89372
ad_46452;cs_82644
ad_46452;cs_47312
ad_46452;cs_26580
ad_46452;cs_98173
ad_46452;cs_40352
ad_46452;cs_97371
ad_46452;cs_59470
ad_46452;cs_91977
ad_46452;cs_99964
ad_46452;cs_08851
ad_46452;cs_78475
ad_46452;cs_23980
ad_46452;cs_47100
ad_46452;cs_97298
ad_46452;cs_23926
ad_46452;cs_00470
ad_46452;cs_77411
ad_46452;cs_30605
ad_46452;cs_27500
ad_46452;cs_57332
ad_46452;cs_38968
ad_46452;cs_54231
ad_46452;cs_39246
ad_46452;cs_22589
ad_46452;cs_79200
ad_46452;cs_61898
ad_46452;cs_70984
ad_46452;cs_52578
ad_46452;cs_59222
ad_46452;cs_66147
ad_46452;cs_93872
ad_46452;cs_83974
ad_46452;cs_04616
ad_46452;cs_10460
ad_46452;cs_00903
ad_46452;cs_04382
ad_46452;cs_19845
ad_46452;cs_89722
ad_46452;cs_13305
ad_46452;cs_89248
ad_46452;cs_81607
ad_46452;cs_00697
ad_46452;cs_00819
ad_46452;cs_68065
ad_46452;cs_75955
ad_46452;cs_81638
ad_46452;cs_16654
ad_46452;cs_16841
ad_46452;cs_14769
ad_46452;cs_59691
ad_46452;cs_72345
ad_46452;cs_12639
ad_46452;cs_93295
ad_46452;cs_88752
ad_46452;cs_50839
ad_46452;cs_78658
ad_46452;cs_58832
ad_46452;cs_85126
ad_46452;cs_17371
ad_46452;cs_43751
ad_46452;cs_96496
ad_46452;cs_47939
ad_46452;cs_78623
ad_46452;cs_80907
ad_46452;cs_30301
ad_46452;cs_55528
ad_46452;cs_28929
ad_46452;cs_32199
ad_46452;cs_33366
ad_46452;cs_30680
ad_46452;cs_95538
ad_46452;cs_65869
ad_46452;cs_42015
ad_46452;cs_79050
ad_46452;cs_26603
ad_46452;cs_17894
ad_46452;cs_00943
ad_46452;cs_89995
ad_46452;cs_65863
ad_46452;cs_39603
ad_46452;cs_82141
ad_46452;cs_82155
ad_46452;cs_68101
ad_46452;cs_24780
ad_46452;cs_45409
ad_46452;cs_96480
ad_46452;cs_16928
ad_46452;cs_63929
ad_46452;cs_88770
ad_46452;cs_16891
ad_46452;cs_32913
ad_46452;cs_13635
ad_46452;cs_65967
ad_46452;cs_72637
ad_46452;cs_94430
ad_46452;cs_03783
ad_46452;cs_50388
ad_46452;cs_15816
ad_46452;cs_52763
ad_46452;cs_97328
ad_46452;cs_17577
ad_46452;cs_00910
ad_46452;cs_62614
ad_46452;cs_42938
ad_46452;cs_44960
ad_46452;cs_23228
ad_46452;cs_47144
ad_46452;cs_48672
ad_46452;cs_64027
ad_46452;cs_09356
ad_46452;cs_97477
ad_46452;cs_14941
ad_46452;cs_72795
ad_46452;cs_71579
ad_46452;cs_93114
ad_46452;cs_24357
ad_46452;cs_24806
ad_46452;cs_79178
ad_46452;cs_77739
ad_46452;cs_05981
ad_46452;cs_82910
ad_46452;cs_23516
ad_46452;cs_31194
ad_46452;cs_58025
ad_46452;cs_12080
ad_46452;cs_72500
ad_46452;cs_54274
ad_46452;cs_34729
ad_46452;cs_68862
ad_46452;cs_33382
ad_46452;cs_05016
ad_46452;cs_13467
ad_46452;cs_13899
ad_46452;cs_61382
ad_46452;cs_16481
ad_46452;cs_50153
ad_46452;cs_50103
ad_46452;cs_82384
ad_46452;cs_31615
ad_46452;cs_12254
ad_50572;cs_10183
ad_50572;cs_84788
ad_50572;cs_83898
ad_50572;cs_86829
ad_50572;cs_75845
ad_50572;cs_43299
ad_50572;cs_65162
ad_50572;cs_65728
ad_50572;cs_59675
ad_50572;cs_47942
ad_50572;cs_72834
ad_50572;cs_41726
ad_50572;cs_24857
ad_50572;cs_61310
ad_50572;cs_71988
ad_50572;cs_93418
ad_50572;cs_49885
ad_50572;cs_81312
ad_50572;cs_81830
ad_50572;cs_52772
ad_50572;cs_05802
ad_50572;cs_29239
ad_50572;cs_33926
ad_50572;cs_43045
ad_50572;cs_68969
ad_50572;cs_52971
ad_50572;cs_62303
ad_50572;cs_88831
ad_50572;cs_51310
ad_50572;cs_86468
ad_50572;cs_09178
ad_50572;cs_48249
ad_50572;cs_48237
ad_50572;cs_77863
ad_50572;cs_91252
ad_50572;cs_18147
ad_50572;cs_54233
ad_50572;cs_21576
ad_50572;cs_70793
ad_50572;cs_29558
ad_50572;cs_76125
ad_50572;cs_36413
ad_50572;cs_52784
ad_50572;cs_21009
ad_50572;cs_13669
ad_50572;cs_85852
ad_50572;cs_13552
ad_50572;cs_80997
ad_50572;cs_00044
ad_50572;cs_40097
ad_50572;cs_02448
ad_50572;cs_65216
ad_50572;cs_34362
ad_50572;cs_57381
ad_50572;cs_25307
ad_50572;cs_32402
ad_50572;cs_80652
ad_50572;cs_72280
ad_50572;cs_10399
ad_50572;cs_33933
ad_50572;cs_26981
ad_50572;cs_78030
ad_50572;cs_45915
ad_50572;cs_60880
ad_50572;cs_03193
ad_50572;cs_14809
ad_50572;cs_30543
ad_50572;cs_89404
ad_50572;cs_51931
ad_50572;cs_74441
ad_50572;cs_13311
ad_50572;cs_30503
ad_50572;cs_26847
ad_50572;cs_49035
ad_50572;cs_29086
ad_50572;cs_79467
ad_50572;cs_05167
ad_50572;cs_97506
ad_50572;cs_17760
ad_50572;cs_03667
ad_50572;cs_88803
ad_50572;cs_36839
ad_50572;cs_49129
ad_50572;cs_43369
ad_50572;cs_93922
ad_50572;cs_69899
ad_50572;cs_99810
ad_50572;cs_54012
ad_50572;cs_77500
ad_50572;cs_96388
ad_50572;cs_25603
ad_50572;cs_65947
ad_50572;cs_87364
ad_50572;cs_13992
ad_50572;cs_64245
ad_50572;cs_26921
ad_50572;cs_90610
ad_50572;cs_86372
ad_50572;cs_61233
ad_50572;cs_54495
ad_50572;cs_82946
ad_50572;cs_14601
ad_50572;cs_41926
ad_50572;cs_44701
ad_50572;cs_74444
ad_50572;cs_12864
ad_50572;cs_85883
ad_50572;cs_01126
ad_50572;cs_06318
ad_50572;cs_85114
ad_50572;cs_14554
ad_50572;cs_10854
ad_50572;cs_22846
ad_50572;cs_31646
ad_50572;cs_77377
ad_50572;cs_90895
ad_50572;cs_20042
ad_50572;cs_86041
ad_50572;cs_43110
ad_50572;cs_43616
ad_50572;cs_09801
ad_50572;cs_28863
ad_50572;cs_18331
ad_50572;cs_96956
ad_50572;cs_52016
ad_50572;cs_42857
ad_50572;cs_88207
ad_50572;cs_59720
ad_50572;cs_69179
ad_50572;cs_59424
ad_50572;cs_50570
ad_50572;cs_63014
ad_50572;cs_61525
ad_50572;cs_37563
ad_50572;cs_25501
ad_50572;cs_36377
ad_50572;cs_35417
ad_50572;cs_40479
ad_50572;cs_58827
ad_50572;cs_20717
ad_50572;cs_58651
ad_50572;cs_23782
ad_50572;cs_95402
ad_50572;cs_51988
ad_50572;cs_05479
ad_50572;cs_40951
ad_50572;cs_51049
ad_50572;cs_78186
ad_50572;cs_58711
ad_50572;cs_06332
ad_50572;cs_82726
ad_50572;cs_33627
ad_50572;cs_47542
ad_50572;cs_23814
ad_50572;cs_27013
ad_50572;cs_25278
ad_50572;cs_05136
ad_50572;cs_78686
ad_50572;cs_17205
ad_50572;cs_09847
ad_50572;cs_33275
ad_50572;cs_22691
ad_50572;cs_53008
ad_50572;cs_27259
ad_50572;cs_06584
ad_50572;cs_79138
ad_50572;cs_51246
ad_50572;cs_27513
ad_50572;cs_17055
ad_50572;cs_61253
ad_50572;cs_44439
ad_50572;cs_35309
ad_50572;cs_28620
ad_50572;cs_64506
ad_50572;cs_03083
ad_50572;cs_87239
ad_50572;cs_26330
ad_50572;cs_15936
ad_50572;cs_07649
ad_50572;cs_74459
ad_50572;cs_56892
ad_50572;cs_60409
ad_50572;cs_72969
ad_50572;cs_54862
ad_50572;cs_13800
ad_50572;cs_23518
ad_50572;cs_53547
ad_50572;cs_29602
ad_50572;cs_67911
ad_50572;cs_55716
ad_50572;cs_50650
ad_50572;cs_15098
ad_50572;cs_96909
ad_50572;cs_40686
ad_50572;cs_99921
ad_50572;cs_15363
ad_50572;cs_91717
ad_50572;cs_53409
ad_50572;cs_01727
ad_50572;cs_91961
ad_50572;cs_31789
ad_50572;cs_98224
ad_50572;cs_11473
ad_50572;cs_71434
ad_50572;cs_83049
ad_50572;cs_92992
ad_50572;cs_89702
ad_50572;cs_08951
ad_50572;cs_09966
ad_50572;cs_22112
ad_50572;cs_05065
ad_50572;cs_52543
ad_50572;cs_14564
ad_50572;cs_32230
ad_50572;cs_18681
ad_50572;cs_91392
ad_50572;cs_23785
ad_50572;cs_98002
ad_50572;cs_36670
ad_50572;cs_31691
ad_50572;cs_23688
ad_50572;cs_20205
ad_50572;cs_69852
ad_50572;cs_72929
ad_50572;cs_82843
ad_50572;cs_55999
ad_50572;cs_24468
ad_50572;cs_76422
ad_50572;cs_16432
ad_50572;cs_31103
ad_50572;cs_88978
ad_50572;cs_66292
ad_50572;cs_66949
ad_50572;cs_02673
ad_50572;cs_98499
ad_50572;cs_10313
ad_50572;cs_33725
ad_50572;cs_91138
ad_50572;cs_89405
ad_50572;cs_73072
ad_50572;cs_16852
ad_50572;cs_07699
ad_50572;cs_00494
ad_50572;cs_04739
ad_50572;cs_32787
ad_51419;cs_05784
ad_51419;cs_41272
ad_51419;cs_13283
ad_51419;cs_63811
ad_51419;cs_82753
ad_51419;cs_83938
ad_51419;cs_95083
ad_51419;cs_43360
ad_51419;cs_34894
ad_51419;cs_26810
ad_51419;cs_91130
ad_51419;cs_69753
ad_51419;cs_81000
ad_51419;cs_77410
ad_51419;cs_05731
ad_51419;cs_26842
ad_51419;cs_98257
ad_51419;cs_86308
ad_51419;cs_72997
ad_51419;cs_84135
ad_51419;cs_97974
ad_51419;cs_83994
ad_51419;cs_77952
ad_51419;cs_62625
ad_51419;cs_55558
ad_51419;cs_64016
ad_51419;cs_51729
ad_51419;cs_85748
ad_51419;cs_84618
ad_51419;cs_90630
ad_51419;cs_99348
ad_51419;cs_20337
ad_51419;cs_34371
ad_51419;cs_18288
ad_51419;cs_00100
ad_51419;cs_58085
ad_51419;cs_99573
ad_51419;cs_75266
ad_51419;cs_17602
ad_51419;cs_89281
ad_51419;cs_10753
ad_51419;cs_26718
ad_51419;cs_48085
ad_51419;cs_68506
ad_51419;cs_83525
ad_51419;cs_92291
ad_51419;cs_25037
ad_51419;cs_35011
ad_51419;cs_99827
ad_57452;cs_86145
ad_57452;cs_06942
ad_57452;cs_22612
ad_57452;cs_81723
ad_57452;cs_32251
ad_57452;cs_37090
ad_57452;cs_53749
ad_57452;cs_93976
ad_57452;cs_65959
ad_57452;cs_61283
ad_57452;cs_71436
ad_57452;cs_33582
ad_57452;cs_26063
ad_57452;cs_47820
ad_57452;cs_47394
ad_57452;cs_01992
ad_57452;cs_51888
ad_57452;cs_16441
ad_57452;cs_08326
ad_57452;cs_47267
ad_57452;cs_83076
ad_57452;cs_49542
ad_57452;cs_82140
ad_57452;cs_33704
ad_57452;cs_55791
ad_57452;cs_53813
ad_57452;cs_58420
ad_57452;cs_53555
ad_57452;cs_85605
ad_57452;cs_35111
ad_57452;cs_32671
ad_57452;cs_17617
ad_57452;cs_77811
ad_57452;cs_14516
ad_57452;cs_05963
ad_57452;cs_47786
ad_57452;cs_40719
ad_57452;cs_83240
ad_57452;cs_31859
ad_57452;cs_79900
ad_57452;cs_42405
ad_57452;cs_00681
ad_57452;cs_02908
ad_57452;cs_35444
ad_57452;cs_61940
ad_57452;cs_00032
ad_57452;cs_00866
ad_57452;cs_41435
ad_57452;cs_42744
ad_57452;cs_08333
ad_57452;cs_11580
ad_57452;cs_97957
ad_57452;cs_29642
ad_57452;cs_68217
ad_57452;cs_61247
ad_57452;cs_08944
ad_57452;cs_83973
ad_57452;cs_18264
ad_57452;cs_86374
ad_57452;cs_14704
ad_57452;cs_13715
ad_57452;cs_25083
ad_57452;cs_80347
ad_57452;cs_69561
ad_57452;cs_87421
ad_57452;cs_66883
ad_57452;cs_09364
ad_57452;cs_72775
ad_57452;cs_41783
ad_57452;cs_39576
ad_57452;cs_30107
ad_57452;cs_24540
ad_57452;cs_26039
ad_57452;cs_17598
ad_57452;cs_44436
ad_57452;cs_00103
ad_57452;cs_00019
ad_57452;cs_98330
ad_57452;cs_74345
ad_57452;cs_97246
ad_57452;cs_25412
ad_57452;cs_87596
ad_57452;cs_12624
ad_57452;cs_29724
ad_57452;cs_61465
ad_57452;cs_37509
ad_57452;cs_17928
ad_57452;cs_61892
ad_57452;cs_03643
ad_57452;cs_91709
ad_57452;cs_00631
ad_57452;cs_79154
ad_57452;cs_62573
ad_57452;cs_37273
ad_57452;cs_47357
ad_57452;cs_71567
ad_57452;cs_69403
ad_57452;cs_13754
ad_57452;cs_99615
ad_57452;cs_02620
ad_57452;cs_74251
ad_57452;cs_03118
ad_57452;cs_78634
ad_57452;cs_81639
ad_57452;cs_17179
ad_57452;cs_47418
ad_57452;cs_04838
ad_57452;cs_58129
ad_57452;cs_75661
ad_57452;cs_77246
ad_57452;cs_76263
ad_57452;cs_23983
ad_57452;cs_32039
ad_57452;cs_70632
ad_57452;cs_97274
ad_57452;cs_66048
ad_57452;cs_31956
ad_57452;cs_89567
ad_57452;cs_43396
ad_57452;cs_59814
ad_57452;cs_46193
ad_57452;cs_55088
ad_57452;cs_06698
ad_57452;cs_42083
ad_57452;cs_52607
ad_57452;cs_61211
ad_57452;cs_72649
ad_57452;cs_11850
ad_57452;cs_87134
ad_57452;cs_09510
ad_57452;cs_53088
ad_57452;cs_74412
ad_57452;cs_46173
ad_57452;cs_01365
ad_57452;cs_60723
ad_57452;cs_73638
ad_57452;cs_86794
ad_57452;cs_07825
ad_57452;cs_39647
ad_57452;cs_41889
ad_57452;cs_69439
ad_57452;cs_50563
ad_57452;cs_66697
ad_57452;cs_82639
ad_57452;cs_33336
ad_57452;cs_85855
ad_57452;cs_83866
ad_57452;cs_42242
ad_57452;cs_79956
ad_57452;cs_62366
ad_57452;cs_78743
ad_57452;cs_69272
ad_57452;cs_29040
ad_57452;cs_90088
ad_57452;cs_91862
ad_57452;cs_12169
ad_57452;cs_24532
ad_57452;cs_50347
ad_57452;cs_69141
ad_57452;cs_57553
ad_57452;cs_51390
ad_57452;cs_78287
ad_57452;cs_62592
ad_57452;cs_44132
ad_57452;cs_08222
ad_57452;cs_42583
ad_57452;cs_76249
ad_57452;cs_80770
ad_57452;cs_60683
ad_57452;cs_66499
ad_57452;cs_37573
ad_57452;cs_27772
ad_57452;cs_87281
ad_57452;cs_30209
ad_57452;cs_16123
ad_57452;cs_74234
ad_57452;cs_85836
ad_57452;cs_52758
ad_57452;cs_81039
ad_57452;cs_38280
ad_57452;cs_35181
ad_57452;cs_45759
ad_57452;cs_64789
ad_65364;cs_19852
ad_65364;cs_79273
ad_65364;cs_73865
ad_65364;cs_13106
ad_65364;cs_86889
ad_65364;cs_38565
ad_65364;cs_71472
ad_65364;cs_92599
ad_65364;cs_20296
ad_65364;cs_22714
ad_65364;cs_59022
ad_65364;cs_09201
ad_65364;cs_93855
ad_65364;cs_98655
ad_65364;cs_70895
ad_65364;cs_44656
ad_65364;cs_21470
ad_65364;cs_97232
ad_65364;cs_96682
ad_65364;cs_33139
ad_65364;cs_90537
ad_65364;cs_16440
ad_65364;cs_35123
ad_65364;cs_06554
ad_65364;cs_24727
ad_65364;cs_68458
ad_65364;cs_04592
ad_65364;cs_54380
ad_65364;cs_87121
ad_65364;cs_50675
ad_65364;cs_14632
ad_65364;cs_54769
ad_65364;cs_11280
ad_65364;cs_72725
ad_65364;cs_81728
ad_65364;cs_10234
ad_65364;cs_77502
ad_65364;cs_54547
ad_65364;cs_86535
ad_65364;cs_54936
ad_65364;cs_69831
ad_65364;cs_23515
ad_65364;cs_46110
ad_65364;cs_01400
ad_65364;cs_81665
ad_65364;cs_31870
ad_65364;cs_64298
ad_65364;cs_80187
ad_65364;cs_84832
ad_65364;cs_09999
ad_65364;cs_31535
ad_65364;cs_50392
ad_65364;cs_06060
ad_65364;cs_47638
ad_65364;cs_59961
ad_65364;cs_55800
ad_65364;cs_56946
ad_65364;cs_22602
ad_65364;cs_65273
ad_65364;cs_79343
ad_65364;cs_20486
ad_65364;cs_94457
ad_65364;cs_00816
ad_65364;cs_82071
ad_65364;cs_85517
ad_65364;cs_51274
ad_65364;cs_28392
ad_65364;cs_64401
ad_65364;cs_17265
ad_65364;cs_67979
ad_65364;cs_17334
ad_65364;cs_77152
ad_65364;cs_38589
ad_65364;cs_66368
ad_65364;cs_34568
ad_65364;cs_47949
ad_65364;cs_99067
ad_65364;cs_69427
ad_65364;cs_66638
ad_65364;cs_86143
ad_65364;cs_58462
ad_65364;cs_94656
ad_65364;cs_39022
ad_65364;cs_21235
ad_65364;cs_98505
ad_65364;cs_01319
ad_65364;cs_82671
ad_65364;cs_61870
ad_65364;cs_38567
ad_65364;cs_97702
ad_65364;cs_85107
ad_65364;cs_02634
ad_65364;cs_09043
ad_65364;cs_41686
ad_65364;cs_64232
ad_65364;cs_10147
ad_65364;cs_71178
ad_65364;cs_20733
ad_65364;cs_42319
ad_65364;cs_38452
ad_65364;cs_25958
ad_65364;cs_19899
ad_65364;cs_03842
ad_65364;cs_73710
ad_65364;cs_01486
ad_65364;cs_61349
ad_65364;cs_06186
ad_65364;cs_94351
ad_65364;cs_61662
ad_65364;cs_22409
ad_65364;cs_51909
ad_65364;cs_17759
ad_65364;cs_63331
ad_65364;cs_93630
ad_65364;cs_93384
ad_65364;cs_30866
ad_65364;cs_49707
ad_65364;cs_16133
ad_65364;cs_29096
ad_65364;cs_33679
ad_65364;cs_77322
ad_65364;cs_27490
ad_65364;cs_64323
ad_65364;cs_91561
ad_65364;cs_52117
ad_65364;cs_26843
ad_65364;cs_16632
ad_65364;cs_51922
ad_65364;cs_70763
ad_65364;cs_68629
ad_65364;cs_08931
ad_65364;cs_21318
ad_65364;cs_80813
ad_65364;cs_81827
ad_65364;cs_03001
ad_65364;cs_41024
ad_65364;cs_40065
ad_65364;cs_80205
ad_65364;cs_10584
ad_65364;cs_80656
ad_65364;cs_91158
ad_65364;cs_46273
ad_65364;cs_53541
ad_65364;cs_42377
ad_65364;cs_21283
ad_65364;cs_15310
ad_65364;cs_55840
ad_65364;cs_05177
ad_65364;cs_32804
ad_65777;cs_04409
ad_65777;cs_50711
ad_65777;cs_51299
ad_65777;cs_15032
ad_65777;cs_93014
ad_65777;cs_56710
ad_65777;cs_72972
ad_65777;cs_46564
ad_65777;cs_04589
ad_65777;cs_72619
ad_65777;cs_88123
ad_65777;cs_08369
ad_65777;cs_97324
ad_65777;cs_96355
ad_65777;cs_06160
ad_65777;cs_14054
ad_65777;cs_08123
ad_65777;cs_93516
ad_65777;cs_62543
ad_65777;cs_05548
ad_65777;cs_75311
ad_65777;cs_94131
ad_65777;cs_74205
ad_65777;cs_37950
ad_65777;cs_72707
ad_65777;cs_89079
ad_65777;cs_79979
ad_65777;cs_30704
ad_65777;cs_65919
ad_65777;cs_64696
ad_65777;cs_94868
ad_65777;cs_51103
ad_65777;cs_47449
ad_65777;cs_32595
ad_65777;cs_58353
ad_65777;cs_20955
ad_65777;cs_59324
ad_65777;cs_91796
ad_65777;cs_59587
ad_65777;cs_33380
ad_65777;cs_98498
ad_65777;cs_69126
ad_65777;cs_36057
ad_65777;cs_62984
ad_65777;cs_18121
ad_65777;cs_58135
ad_65777;cs_10686
ad_65777;cs_35487
ad_65777;cs_38829
ad_65777;cs_06469
ad_65777;cs_89252
ad_65777;cs_91294
ad_65777;cs_01189
ad_65777;cs_39297
ad_65777;cs_00154
ad_65777;cs_59343
ad_65777;cs_33449
ad_65777;cs_82555
ad_65777;cs_87902
ad_65777;cs_34385
ad_65777;cs_66901
ad_65777;cs_13631
ad_65777;cs_08552
ad_65777;cs_61135
ad_65777;cs_37123
ad_65777;cs_53185
ad_65777;cs_26475
ad_65777;cs_93702
ad_65777;cs_57369
ad_65777;cs_86933
ad_65777;cs_62954
ad_65777;cs_03843
ad_65777;cs_84662
ad_65777;cs_81864
ad_65777;cs_28125
ad_65777;cs_07072
ad_65777;cs_93889
ad_65777;cs_34089
ad_65777;cs_49364
ad_65777;cs_44812
ad_65777;cs_50074
ad_65777;cs_82512
ad_65777;cs_69130
ad_65777;cs_90971
ad_65777;cs_77653
ad_65777;cs_07551
ad_65777;cs_73881
ad_65777;cs_73861
ad_65777;cs_52544
ad_65777;cs_34199
ad_65777;cs_76368
ad_65777;cs_83381
ad_65777;cs_16563
ad_65777;cs_28339
ad_65777;cs_61671
ad_65777;cs_82558
ad_65777;cs_98252
ad_65777;cs_70676
ad_65777;cs_23950
ad_65777;cs_71697
ad_65777;cs_18908
ad_65777;cs_87432
ad_65777;cs_30443
ad_65777;cs_41842
ad_65777;cs_46566
ad_65777;cs_00020
ad_65777;cs_58091
ad_65777;cs_84941
ad_65777;cs_83095
ad_65777;cs_24058
ad_65777;cs_80850
ad_65777;cs_81202
ad_65777;cs_96025
ad_65777;cs_03229
ad_65777;cs_97368
ad_65777;cs_19880
ad_65777;cs_61860
ad_65777;cs_67423
ad_65777;cs_75385
ad_65777;cs_73600
ad_65777;cs_04327
ad_65777;cs_50245
ad_65777;cs_31294
ad_65777;cs_82088
ad_65777;cs_32859
ad_65777;cs_68670
ad_65777;cs_38596
ad_65777;cs_34449
ad_65777;cs_00055
ad_65777;cs_42096
ad_65777;cs_04840
ad_65777;cs_66747
ad_65777;cs_47798
ad_65777;cs_34459
ad_65777;cs_27920
ad_65777;cs_31350
ad_65777;cs_52324
ad_65777;cs_91008
ad_65777;cs_99618
ad_65777;cs_99614
ad_65777;cs_98729
ad_65777;cs_81103
ad_65777;cs_51551
ad_65777;cs_13433
ad_65777;cs_93026
ad_65777;cs_24662
ad_65777;cs_20973
ad_65777;cs_04219
ad_65777;cs_78931
ad_65777;cs_71989
ad_65777;cs_84347
ad_65777;cs_44047
ad_65777;cs_30585
ad_65777;cs_58703
ad_65777;cs_19202
ad_65777;cs_34108
ad_65777;cs_46262
ad_65777;cs_72753
ad_65777;cs_36625
ad_65777;cs_82024
ad_65777;cs_38270
ad_65777;cs_48847
ad_65777;cs_94759
ad_65777;cs_47279
ad_65777;cs_59905
ad_65777;cs_60577
ad_65777;cs_75876
ad_65777;cs_11865
ad_65777;cs_92094
ad_65777;cs_31485
ad_65777;cs_84643
ad_65777;cs_93025
ad_65777;cs_23455
ad_65777;cs_08685
ad_65777;cs_58991
ad_65777;cs_72727
ad_65777;cs_34069
ad_65777;cs_53853
ad_65777;cs_62554
ad_65777;cs_75884
ad_65777;cs_82569
ad_65777;cs_62849
ad_65777;cs_93564
ad_65777;cs_33016
ad_65777;cs_04171
ad_65777;cs_21382
ad_65777;cs_54052
ad_65777;cs_63065
ad_65777;cs_73307
ad_65777;cs_07807
ad_65777;cs_27958
ad_65777;cs_14396
ad_65777;cs_58188
ad_65777;cs_42788
ad_65777;cs_73915
ad_65777;cs_30067
ad_65777;cs_95726
ad_65777;cs_86648
ad_65777;cs_22001
ad_65777;cs_18306
ad_65777;cs_64157
ad_65777;cs_49395
ad_65777;cs_32082
ad_65777;cs_24428
ad_65777;cs_62435
ad_65777;cs_41593
ad_65777;cs_59819
ad_65777;cs_61545
ad_65777;cs_99498
ad_65777;cs_19167
ad_65777;cs_27517
ad_65777;cs_69474
ad_65777;cs_54178
ad_65777;cs_30248
ad_65777;cs_04976
ad_65777;cs_40367
ad_65777;cs_29401
ad_65777;cs_09840
ad_65777;cs_59536
ad_65777;cs_93243
ad_65777;cs_51020
ad_65777;cs_35316
ad_65777;cs_88822
ad_65777;cs_53327
ad_65777;cs_62777
ad_65777;cs_31044
ad_65777;cs_37589
ad_65777;cs_56995
ad_65777;cs_23122
ad_65777;cs_00580
ad_65777;cs_37608
ad_65777;cs_98274
ad_65777;cs_34406
ad_65777;cs_92660
ad_65777;cs_36664
ad_65777;cs_29287
ad_65777;cs_66716
ad_65777;cs_53444
ad_65777;cs_41800
ad_65777;cs_02705
ad_65777;cs_00937
ad_65777;cs_95513
ad_65777;cs_70064
ad_65777;cs_24772
ad_65777;cs_26822
ad_65777;cs_30734
ad_65777;cs_68348
ad_65777;cs_51303
ad_65777;cs_37225
ad_65777;cs_17012
ad_65777;cs_24684
ad_65777;cs_18856
ad_65777;cs_06525
ad_65777;cs_61821
ad_65777;cs_63282
ad_65777;cs_64307
ad_65777;cs_45514
ad_65777;cs_73161
ad_65777;cs_74078
ad_65777;cs_14167
ad_65777;cs_24586
ad_65777;cs_49166
ad_65777;cs_08148
ad_65777;cs_24129
ad_65777;cs_21529
ad_65777;cs_70483
ad_65777;cs_13658
ad_65777;cs_52889
ad_65777;cs_26600
ad_65777;cs_48768
ad_65777;cs_60981
ad_65777;cs_14323
ad_65777;cs_47588
ad_65777;cs_68896
ad_65777;cs_20932
ad_65777;cs_66316
ad_65777;cs_47464
ad_65777;cs_50004
ad_65777;cs_42300
ad_65777;cs_97363
ad_65777;cs_58826
ad_65777;cs_64008
ad_65777;cs_43794
ad_65777;cs_19824
ad_65777;cs_34342
ad_65777;cs_63438
ad_65777;cs_35133
ad_65777;cs_65723
ad_65777;cs_65945
ad_65777;cs_19762
ad_65777;cs_13923
ad_65777;cs_94109
ad_65777;cs_26108
ad_65777;cs_52235
ad_65777;cs_57493
ad_65777;cs_53652
ad_65777;cs_03218
ad_65777;cs_13235
ad_65777;cs_25376
ad_65777;cs_56501
ad_65777;cs_02998
ad_65777;cs_50515
ad_65777;cs_23102
ad_65777;cs_76476
ad_65777;cs_34610
ad_65777;cs_79983
ad_65777;cs_02760
ad_65777;cs_09796
ad_65777;cs_40534
ad_65777;cs_22393
ad_65777;cs_51899
ad_65777;cs_05372
ad_65777;cs_64902
ad_65777;cs_36753
ad_65777;cs_13638
ad_65777;cs_13693
ad_65777;cs_19741
ad_65777;cs_10767
ad_65777;cs_73620
ad_65777;cs_04745
ad_65777;cs_98423
ad_65777;cs_42459
ad_65777;cs_05628
ad_65777;cs_11241
ad_65777;cs_79418
ad_65777;cs_02434
ad_65777;cs_74405
ad_65777;cs_19725
ad_65777;cs_33953
ad_65777;cs_28527
ad_65777;cs_30783
ad_65777;cs_65208
ad_65777;cs_36989
ad_65777;cs_69040
ad_65777;cs_39316
ad_65777;cs_41089
ad_65777;cs_48668
ad_65777;cs_85331
ad_65777;cs_32174
ad_65777;cs_50391
ad_65777;cs_84815
ad_65777;cs_02403
ad_65777;cs_43719
ad_65777;cs_63503
ad_65777;cs_99626
ad_65777;cs_71995
ad_65777;cs_90591
ad_65777;cs_87304
ad_65777;cs_55904
ad_65777;cs_09651
ad_65777;cs_87118
ad_65777;cs_44976
ad_65777;cs_80466
ad_65777;cs_48689
ad_69089;cs_11927
ad_69089;cs_56539
ad_69089;cs_73156
ad_69089;cs_80595
ad_69089;cs_64543
ad_69089;cs_04431
ad_69089;cs_24751
ad_69089;cs_64115
ad_69089;cs_74104
ad_69089;cs_84886
ad_69089;cs_92692
ad_69089;cs_15420
ad_69089;cs_76503
ad_69089;cs_63846
ad_69089;cs_06634
ad_69089;cs_88249
ad_69089;cs_73254
ad_69089;cs_61585
ad_69089;cs_78318
ad_69089;cs_01825
ad_69089;cs_25923
ad_69089;cs_49016
ad_69089;cs_42998
ad_69089;cs_59632
ad_69089;cs_16193
ad_69089;cs_33337
ad_69089;cs_02332
ad_69089;cs_09766
ad_69089;cs_43946
ad_69089;cs_22912
ad_69089;cs_26837
ad_69089;cs_39527
ad_69089;cs_02466
ad_69089;cs_37814
ad_69089;cs_23911
ad_69089;cs_08019
ad_69089;cs_34387
ad_69089;cs_09880
ad_69089;cs_81484
ad_69089;cs_76569
ad_69089;cs_11255
ad_69089;cs_73303
ad_69089;cs_20284
ad_69089;cs_49214
ad_69089;cs_17845
ad_69089;cs_96774
ad_69089;cs_74682
ad_69089;cs_32586
ad_69089;cs_19047
ad_69089;cs_40451
ad_69089;cs_57672
ad_69089;cs_12780
ad_69089;cs_55164
ad_69089;cs_40795
ad_69089;cs_73886
ad_69089;cs_32885
ad_69089;cs_51375
ad_69089;cs_12177
ad_69089;cs_04743
ad_69089;cs_44040
ad_69089;cs_93055
ad_69089;cs_48699
ad_69089;cs_18519
ad_69089;cs_41006
ad_69089;cs_55654
ad_69089;cs_69853
ad_69089;cs_47887
ad_69089;cs_20438
ad_69089;cs_16295
ad_69089;cs_62785
ad_69089;cs_83810
ad_69089;cs_95714
ad_69089;cs_09911
ad_69089;cs_76640
ad_69089;cs_07357
ad_69089;cs_78430
ad_69089;cs_82855
ad_69089;cs_37701
ad_69089;cs_76589
ad_69089;cs_71393
ad_69089;cs_18289
ad_69089;cs_63839
ad_69089;cs_41174
ad_69089;cs_88295
ad_69089;cs_75710
ad_69089;cs_89697
ad_69089;cs_73062
ad_69089;cs_35103
ad_69089;cs_05225
ad_69089;cs_79406
ad_69089;cs_15633
ad_69089;cs_06135
ad_69089;cs_93345
ad_69089;cs_11475
ad_69089;cs_59947
ad_69089;cs_76770
ad_69089;cs_61703
ad_69089;cs_11159
ad_69089;cs_81603
ad_69089;cs_46623
ad_69089;cs_88113
ad_69089;cs_36531
ad_69089;cs_85177
ad_69089;cs_62347
ad_69089;cs_96148
ad_69089;cs_21617
ad_69089;cs_90276
ad_69089;cs_61243
ad_69089;cs_37606
ad_69089;cs_15976
ad_69089;cs_04562
ad_69089;cs_37056
ad_69089;cs_36002
ad_69089;cs_27664
ad_69089;cs_95210
ad_69089;cs_02380
ad_69089;cs_25356
ad_69089;cs_30624
ad_69089;cs_01379
ad_69089;cs_11450
ad_69089;cs_16367
ad_69089;cs_88195
ad_69089;cs_04017
ad_69089;cs_36168
ad_69089;cs_75190
ad_69089;cs_76348
ad_69089;cs_41596
ad_69089;cs_46011
ad_69089;cs_64278
ad_69089;cs_84914
ad_69089;cs_29313
ad_69089;cs_82081
ad_69089;cs_50817
ad_69089;cs_99052
ad_69089;cs_75461
ad_69089;cs_58131
ad_69089;cs_91069
ad_69089;cs_26378
ad_69089;cs_17255
ad_69089;cs_97481
ad_69089;cs_36854
ad_69089;cs_43048
ad_69089;cs_81071
ad_69089;cs_61069
ad_69089;cs_52581
ad_69089;cs_45755
ad_69089;cs_66798
ad_69089;cs_67794
ad_69089;cs_42781
ad_69089;cs_02027
ad_69089;cs_01043
ad_69089;cs_28797
ad_69089;cs_55021
ad_69089;cs_34001
ad_69089;cs_87641
ad_69089;cs_42408
ad_69089;cs_53119
ad_69089;cs_37293
ad_69089;cs_90776
ad_69089;cs_83505
ad_69089;cs_99689
ad_69089;cs_56020
ad_69089;cs_17017
ad_69089;cs_35622
ad_69089;cs_96665
ad_69089;cs_03315
ad_69089;cs_58499
ad_69089;cs_50657
ad_69089;cs_72328
ad_69089;cs_64134
ad_69089;cs_07338
ad_69089;cs_56615
ad_69089;cs_98475
ad_69089;cs_48611
ad_69089;cs_49268
ad_69089;cs_36033
ad_69089;cs_81693
ad_69089;cs_60990
ad_69089;cs_08834
ad_69089;cs_20153
ad_69089;cs_67093
ad_69089;cs_93836
ad_69089;cs_37028
ad_69089;cs_95751
ad_69089;cs_08281
ad_69089;cs_02568
ad_69089;cs_77017
ad_69089;cs_16127
ad_69089;cs_43346
ad_69089;cs_61000
ad_69089;cs_08219
ad_69089;cs_72691
ad_69089;cs_77633
ad_69089;cs_66962
ad_69089;cs_29930
ad_69089;cs_60277
ad_69089;cs_84519
ad_69089;cs_48538
ad_69089;cs_99944
ad_69089;cs_58439
ad_69089;cs_58150
ad_69089;cs_18232
ad_69089;cs_21706
ad_69089;cs_95152
ad_69089;cs_70103
ad_69089;cs_02795
ad_69089;cs_07580
ad_69089;cs_98862
ad_69089;cs_54314
ad_69089;cs_13374
ad_69089;cs_66264
ad_69089;cs_34543
ad_69089;cs_97860
ad_69089;cs_18159
ad_69089;cs_52014
ad_69089;cs_30889
ad_69089;cs_27268
ad_69089;cs_50673
ad_69089;cs_68337
ad_69089;cs_47829
ad_69089;cs_84257
ad_69089;cs_04872
ad_69089;cs_75233
ad_69089;cs_76742
ad_69089;cs_84996
ad_69089;cs_91769
ad_69089;cs_07665
ad_70680;cs_28961
ad_70680;cs_55406
ad_70680;cs_81385
ad_70680;cs_89990
ad_70680;cs_50662
ad_70680;cs_09781
ad_70680;cs_70110
ad_70680;cs_73650
ad_70680;cs_97729
ad_70680;cs_77565
ad_70680;cs_13646
ad_70680;cs_21360
ad_70680;cs_02074
ad_70680;cs_71933
ad_70680;cs_55934
ad_70680;cs_96074
ad_70680;cs_19732
ad_70680;cs_76433
ad_70680;cs_16879
ad_70680;cs_85220
ad_70680;cs_92221
ad_70680;cs_37190
ad_70680;cs_49420
ad_70680;cs_11380
ad_70680;cs_54716
ad_70680;cs_34951
ad_70680;cs_81313
ad_70680;cs_08272
ad_70680;cs_05984
ad_70680;cs_73827
ad_70680;cs_88751
ad_70680;cs_08243
ad_70680;cs_81429
ad_70680;cs_07308
ad_70680;cs_07408
ad_70680;cs_72225
ad_70680;cs_28681
ad_70680;cs_30236
ad_70680;cs_73337
ad_70680;cs_89602
ad_70680;cs_69686
ad_70680;cs_12596
ad_70680;cs_53925
ad_70680;cs_85936
ad_70680;cs_99811
ad_70680;cs_01856
ad_70680;cs_20954
ad_70680;cs_26829
ad_70680;cs_53806
ad_70680;cs_46251
ad_70680;cs_85695
ad_70680;cs_86392
ad_70680;cs_77251
ad_70680;cs_41719
ad_70680;cs_11145
ad_70680;cs_93765
ad_70680;cs_52582
ad_70680;cs_66138
ad_70680;cs_44536
ad_70680;cs_06595
ad_70680;cs_88797
ad_70680;cs_66569
ad_70680;cs_80112
ad_70680;cs_97393
ad_70680;cs_82175
ad_70680;cs_81932
ad_70680;cs_86970
ad_70680;cs_40394
ad_70680;cs_42041
ad_70680;cs_58242
ad_70680;cs_80637
ad_70680;cs_27001
ad_70680;cs_79531
ad_70680;cs_96882
ad_70680;cs_75052
ad_70680;cs_11756
ad_70680;cs_88851
ad_70680;cs_20142
ad_70680;cs_27336
ad_70680;cs_65901
ad_70680;cs_07120
ad_70680;cs_76729
ad_70680;cs_14219
ad_70680;cs_85706
ad_70680;cs_91648
ad_70680;cs_63535
ad_70680;cs_57281
ad_70680;cs_20448
ad_70680;cs_42105
ad_70680;cs_61984
ad_70680;cs_23457
ad_70680;cs_60427
ad_70680;cs_27737
ad_70680;cs_21100
ad_70680;cs_89113
ad_70680;cs_96929
ad_70680;cs_70810
ad_70680;cs_45747
ad_70680;cs_08665
ad_70680;cs_77448
ad_70680;cs_09894
ad_70680;cs_10405
ad_70680;cs_35829
ad_70680;cs_79582
ad_70680;cs_50905
ad_70680;cs_57151
ad_70680;cs_26294
ad_70680;cs_11662
ad_70680;cs_75882
ad_70680;cs_31285
ad_70680;cs_40989
ad_70680;cs_22929
ad_70680;cs_07074
ad_70680;cs_05280
ad_70680;cs_29697
ad_70680;cs_62338
ad_70680;cs_49406
ad_70680;cs_34422
ad_70680;cs_47523
ad_70680;cs_50073
ad_70680;cs_28384
ad_70680;cs_52505
ad_70680;cs_28249
ad_70680;cs_85930
ad_70680;cs_14346
ad_70680;cs_83398
ad_70680;cs_87717
ad_70680;cs_99347
ad_70680;cs_29564
ad_70680;cs_55375
ad_70680;cs_65514
ad_70680;cs_17947
ad_70680;cs_30582
ad_70680;cs_73551
ad_70680;cs_58485
ad_70680;cs_06287
ad_70680;cs_34713
ad_70680;cs_30895
ad_70680;cs_03953
ad_70680;cs_87559
ad_70680;cs_58555
ad_70680;cs_26305
ad_70680;cs_83231
ad_70680;cs_10919
ad_70680;cs_80571
ad_70680;cs_90619
ad_70680;cs_36691
ad_70680;cs_95741
ad_70680;cs_04580
ad_70680;cs_64451
ad_70680;cs_42262
ad_70680;cs_31356
ad_70680;cs_28885
ad_70680;cs_36116
ad_70680;cs_02459
ad_70680;cs_32385
ad_70680;cs_97239
ad_70680;cs_49023
ad_70680;cs_97035
ad_70680;cs_69893
ad_70680;cs_57622
ad_70680;cs_05049
ad_70786;cs_84867
ad_70786;cs_42763
ad_70786;cs_83472
ad_70786;cs_46418
ad_70786;cs_75899
ad_70786;cs_43859
ad_70786;cs_16994
ad_70786;cs_34933
ad_70786;cs_89568
ad_70786;cs_98129
ad_70786;cs_45702
ad_70786;cs_61954
ad_70786;cs_27022
ad_70786;cs_61618
ad_70786;cs_92629
ad_70786;cs_07018
ad_70786;cs_87855
ad_70786;cs_26038
ad_70786;cs_64972
ad_70786;cs_76846
ad_70786;cs_58095
ad_70786;cs_57438
ad_70786;cs_12261
ad_70786;cs_91834
ad_70786;cs_68136
ad_70786;cs_84468
ad_70786;cs_94729
ad_70786;cs_62500
ad_70786;cs_25238
ad_70786;cs_64635
ad_70786;cs_82267
ad_70786;cs_96666
ad_70786;cs_05715
ad_70786;cs_39873
ad_70786;cs_50942
ad_70786;cs_47873
ad_70786;cs_09641
ad_70786;cs_33119
ad_70786;cs_83771
ad_70786;cs_64986
ad_70786;cs_99261
ad_70786;cs_26043
ad_70786;cs_91566
ad_70786;cs_10845
ad_70786;cs_88636
ad_70786;cs_82303
ad_70786;cs_67124
ad_70786;cs_68549
ad_70786;cs_96615
ad_70786;cs_23265
ad_70786;cs_27181
ad_70786;cs_85254
ad_70786;cs_18761
ad_70786;cs_52012
ad_70786;cs_63186
ad_70786;cs_22133
ad_70786;cs_76198
ad_70786;cs_40978
ad_70786;cs_25411
ad_70786;cs_30831
ad_70786;cs_46810
ad_70786;cs_55172
ad_70786;cs_71797
ad_70786;cs_72038
ad_70786;cs_92494
ad_70786;cs_92956
ad_70786;cs_10999
ad_70786;cs_70696
ad_70786;cs_99483
ad_70786;cs_89939
ad_70786;cs_05980
ad_70786;cs_27035
ad_70786;cs_40870
ad_70786;cs_48265
ad_70786;cs_66247
ad_70786;cs_14173
ad_70786;cs_73527
ad_70786;cs_54173
ad_70786;cs_60703
ad_70786;cs_67231
ad_70786;cs_07152
ad_70786;cs_79019
ad_70786;cs_44528
ad_70786;cs_58886
ad_70786;cs_10901
ad_70786;cs_78185
ad_70786;cs_75239
ad_70786;cs_32944
ad_70786;cs_09419
ad_70786;cs_96013
ad_70786;cs_56323
ad_70786;cs_76792
ad_70786;cs_80119
ad_70786;cs_07604
ad_70786;cs_59761
ad_70786;cs_19676
ad_70786;cs_89351
ad_70786;cs_07620
ad_70786;cs_82747
ad_70786;cs_14858
ad_70786;cs_13886
ad_70786;cs_43213
ad_70786;cs_26459
ad_70786;cs_36180
ad_70786;cs_09874
ad_70786;cs_95368
ad_70786;cs_86843
ad_70786;cs_41669
ad_70786;cs_87889
ad_70786;cs_23806
ad_70786;cs_08110
ad_70786;cs_57561
ad_70786;cs_33383
ad_70786;cs_27918
ad_70786;cs_34428
ad_70786;cs_30848
ad_70786;cs_15212
ad_70786;cs_19170
ad_70786;cs_77993
ad_70786;cs_40308
ad_70786;cs_79043
ad_70786;cs_04182
ad_70786;cs_96702
ad_70786;cs_42311
ad_70786;cs_92499
ad_70786;cs_12628
ad_70786;cs_50315
ad_70786;cs_72423
ad_70786;cs_46728
ad_70786;cs_97451
ad_70786;cs_27334
ad_70786;cs_71156
ad_70786;cs_88124
ad_70786;cs_47953
ad_70786;cs_76979
ad_70786;cs_32802
ad_70786;cs_94521
ad_70786;cs_91023
ad_70786;cs_37085
ad_70786;cs_27061
ad_70786;cs_09282
ad_70786;cs_37739
ad_70786;cs_25825
ad_70786;cs_98847
ad_70786;cs_79363
ad_70786;cs_06154
ad_70786;cs_46515
ad_70786;cs_90659
ad_70786;cs_78111
ad_70786;cs_96384
ad_70786;cs_65471
ad_70786;cs_69714
ad_70786;cs_60921
ad_70786;cs_50974
ad_70786;cs_50015
ad_70786;cs_02236
ad_70786;cs_13807
ad_70786;cs_50544
ad_70786;cs_86537
ad_70786;cs_79439
ad_70786;cs_27147
ad_70786;cs_07322
ad_70786;cs_70796
ad_70786;cs_22324
ad_70786;cs_13165
ad_70786;cs_37297
ad_70786;cs_33220
ad_70786;cs_34150
ad_70786;cs_19789
ad_70786;cs_31093
ad_70786;cs_95850
ad_70786;cs_06405
ad_70786;cs_71849
ad_70786;cs_00011
ad_70786;cs_70865
ad_70786;cs_86914
ad_70786;cs_35124
ad_70786;cs_12135
ad_70786;cs_47303
ad_70786;cs_52959
ad_70786;cs_81999
ad_70786;cs_08424
ad_70786;cs_14106
ad_70786;cs_05381
ad_70786;cs_51186
ad_70786;cs_77852
ad_70786;cs_37487
ad_70786;cs_37197
ad_70786;cs_86407
ad_70786;cs_16702
ad_70786;cs_46894
ad_70786;cs_91668
ad_70786;cs_24951
ad_70786;cs_11449
ad_70786;cs_94948
ad_70786;cs_57049
ad_70786;cs_29687
ad_70786;cs_03407
ad_70786;cs_69410
ad_70786;cs_35939
ad_70786;cs_77326
ad_70786;cs_28356
ad_70786;cs_67218
ad_70786;cs_27827
ad_70786;cs_81823
ad_70786;cs_26602
ad_70786;cs_64830
ad_70786;cs_97268
ad_70786;cs_85233
ad_70786;cs_42953
ad_70786;cs_18503
ad_70786;cs_76345
ad_70786;cs_17189
ad_70786;cs_06578
ad_70786;cs_81717
ad_70786;cs_06932
ad_70786;cs_12643
ad_70786;cs_62961
ad_70786;cs_65922
ad_70786;cs_05514
ad_70786;cs_69736
ad_70786;cs_40339
ad_70786;cs_49096
ad_70786;cs_47630
ad_70786;cs_52057
ad_70786;cs_09248
ad_70786;cs_71979
ad_70786;cs_38521
ad_70786;cs_40848
ad_70786;cs_71683
ad_70786;cs_34893
ad_70786;cs_49352
ad_72655;cs_29300
ad_72655;cs_05533
ad_72655;cs_36302
ad_72655;cs_41214
ad_72655;cs_54307
ad_72655;cs_07721
ad_72655;cs_12297
ad_72655;cs_48608
ad_72655;cs_07287
ad_72655;cs_97256
ad_72655;cs_22131
ad_72655;cs_62852
ad_72655;cs_36372
ad_72655;cs_39911
ad_72655;cs_24034
ad_72655;cs_72136
ad_72655;cs_84558
ad_72655;cs_50061
ad_72655;cs_65487
ad_72655;cs_85342
ad_72655;cs_18752
ad_72655;cs_25065
ad_72655;cs_86027
ad_72655;cs_82478
ad_72655;cs_41038
ad_72655;cs_00075
ad_72655;cs_61194
ad_72655;cs_14198
ad_72655;cs_16545
ad_72655;cs_49511
ad_72655;cs_73581
ad_72655;cs_49604
ad_72655;cs_03985
ad_72655;cs_69986
ad_72655;cs_65732
ad_72655;cs_68971
ad_72655;cs_13312
ad_72655;cs_15986
ad_72655;cs_72690
ad_72655;cs_80063
ad_72655;cs_63558
ad_72655;cs_88583
ad_72655;cs_46140
ad_72655;cs_09642
ad_72655;cs_29962
ad_72655;cs_38853
ad_72655;cs_64906
ad_72655;cs_72980
ad_72655;cs_05907
ad_72655;cs_96463
ad_72655;cs_93986
ad_72655;cs_55294
ad_72655;cs_04310
ad_84214;cs_09825
ad_84214;cs_29090
ad_84214;cs_23505
ad_84214;cs_10292
ad_84214;cs_73667
ad_84214;cs_81086
ad_84214;cs_29535
ad_84214;cs_50144
ad_84214;cs_87673
ad_84214;cs_77782
ad_84214;cs_27773
ad_84214;cs_54811
ad_84214;cs_08638
ad_84214;cs_87888
ad_84214;cs_18281
ad_84214;cs_26338
ad_84214;cs_19201
ad_84214;cs_14672
ad_84214;cs_56478
ad_84214;cs_71585
ad_84214;cs_01468
ad_84214;cs_61441
ad_84214;cs_95574
ad_84214;cs_75400
ad_84214;cs_43749
ad_84214;cs_96163
ad_84214;cs_20534
ad_84214;cs_17934
ad_84214;cs_28971
ad_84214;cs_10071
ad_84214;cs_16401
ad_84214;cs_95259
ad_84214;cs_05914
ad_84214;cs_62599
ad_84214;cs_45474
ad_84214;cs_24978
ad_84214;cs_10418
ad_84214;cs_80574
ad_84214;cs_67240
ad_84214;cs_60724
ad_84214;cs_10099
ad_84214;cs_01139
ad_84214;cs_10578
ad_84214;cs_43815
ad_84214;cs_84812
ad_84214;cs_48522
ad_84214;cs_60495
ad_84214;cs_22421
ad_84214;cs_06308
ad_84214;cs_47554
ad_84214;cs_19136
ad_84214;cs_59407
ad_84214;cs_55553
ad_84214;cs_51387
ad_84214;cs_97215
ad_84214;cs_01876
ad_84214;cs_25413
ad_84214;cs_85393
ad_84214;cs_28642
ad_84214;cs_06148
ad_84214;cs_73359
ad_84214;cs_53964
ad_84214;cs_11472
ad_84214;cs_90023
ad_84214;cs_55418
ad_84214;cs_68299
ad_84214;cs_94530
ad_84214;cs_54416
ad_84214;cs_26170
ad_84214;cs_20531
ad_84214;cs_47616
ad_84214;cs_16966
ad_84214;cs_96361
ad_84214;cs_58665
ad_84214;cs_89291
ad_84214;cs_35906
ad_84214;cs_19895
ad_84214;cs_09431
ad_84214;cs_12042
ad_84214;cs_11436
ad_84214;cs_65276
ad_84214;cs_55365
ad_84214;cs_63298
ad_84214;cs_18485
ad_84214;cs_52602
ad_84214;cs_28942
ad_84214;cs_75399
ad_84214;cs_79507
ad_84214;cs_35158
ad_84214;cs_05126
ad_84214;cs_76717
ad_84214;cs_13656
ad_84214;cs_11698
ad_84214;cs_38029
ad_84214;cs_59458
ad_84214;cs_54943
ad_84214;cs_35412
ad_84214;cs_15318
ad_84214;cs_36310
ad_84214;cs_09060
ad_84214;cs_04595
ad_84214;cs_74438
ad_84214;cs_75744
ad_84214;cs_13442
ad_84214;cs_91625
ad_84214;cs_31368
ad_84214;cs_24134
ad_84214;cs_82325
ad_84214;cs_40496
ad_84214;cs_61795
ad_84214;cs_24340
ad_84214;cs_11499
ad_84214;cs_85408
ad_84214;cs_21066
ad_84214;cs_78790
ad_84214;cs_61209
ad_84214;cs_68428
ad_84214;cs_55301
ad_84214;cs_73005
ad_84214;cs_14475
ad_84214;cs_66764
ad_84214;cs_46787
ad_84214;cs_37129
ad_84214;cs_77976
ad_84214;cs_14027
ad_84214;cs_23372
ad_84214;cs_83427
ad_84214;cs_71695
ad_84214;cs_54501
ad_84214;cs_27253
ad_84214;cs_55052
ad_84214;cs_60541
ad_84214;cs_24122
ad_84214;cs_50100
ad_84214;cs_92465
ad_84214;cs_11805
ad_84214;cs_04772
ad_84214;cs_16298
ad_84214;cs_86005
ad_84214;cs_64432
ad_84214;cs_19072
ad_84214;cs_02478
ad_84214;cs_50803
ad_84214;cs_19996
ad_84214;cs_91738
ad_84214;cs_22805
ad_84214;cs_38973
ad_84214;cs_75978
ad_84214;cs_85755
ad_84214;cs_17927
ad_84214;cs_82159
ad_84214;cs_08623
ad_84214;cs_34619
ad_84214;cs_16656
ad_84214;cs_49697
ad_84214;cs_89008
ad_84214;cs_37896
ad_84214;cs_08937
ad_84214;cs_08703
ad_84214;cs_50197
ad_84214;cs_77037
ad_84214;cs_43489
ad_84214;cs_87454
ad_84214;cs_76869
ad_84214;cs_50713
ad_84214;cs_95794
ad_84214;cs_85824
ad_84214;cs_87313
ad_84214;cs_55479
ad_84214;cs_53013
ad_84214;cs_65318
ad_84214;cs_54061
ad_84214;cs_52274
ad_84214;cs_86852
ad_84214;cs_66734
ad_84214;cs_26264
ad_84214;cs_23698
ad_84214;cs_45182
ad_84214;cs_88621
ad_84214;cs_26536
ad_84214;cs_24989
ad_84214;cs_58052
ad_84214;cs_49612
ad_84214;cs_64826
ad_84214;cs_27052
ad_84214;cs_18619
ad_84214;cs_40027
ad_84214;cs_80547
ad_84214;cs_73821
ad_84214;cs_08588
ad_84214;cs_91820
ad_84214;cs_81995
ad_84214;cs_62343
ad_84214;cs_82201
ad_84214;cs_50405
ad_84214;cs_26176
ad_84214;cs_50002
ad_84214;cs_85001
ad_84214;cs_06916
ad_84214;cs_19316
ad_84214;cs_94415
ad_84214;cs_51718
ad_84214;cs_20341
ad_84214;cs_90898
ad_84214;cs_75600
ad_84214;cs_50890
ad_84214;cs_30885
ad_84214;cs_70728
ad_84214;cs_76150
ad_84214;cs_04799
ad_84214;cs_05451
ad_84214;cs_05081
ad_84214;cs_41558
ad_84214;cs_94490
ad_84214;cs_81873
ad_84214;cs_87250
ad_84214;cs_45045
ad_85314;cs_89431
ad_85314;cs_24740
ad_85314;cs_35242
ad_85314;cs_34771
ad_85314;cs_81488
ad_85314;cs_60619
ad_85314;cs_62250
ad_85314;cs_74481
ad_85314;cs_43236
ad_85314;cs_52933
ad_85314;cs_19258
ad_85314;cs_96350
ad_85314;cs_88931
ad_85314;cs_23386
ad_85314;cs_77297
ad_85314;cs_21004
ad_85314;cs_02211
ad_85314;cs_61179
ad_85314;cs_27012
ad_85314;cs_20301
ad_85314;cs_66506
ad_85314;cs_18728
ad_85314;cs_47001
ad_85314;cs_43873
ad_85314;cs_08153
ad_85314;cs_02572
ad_85314;cs_67641
ad_85314;cs_30285
ad_85314;cs_95467
ad_85314;cs_89765
ad_85314;cs_24801
ad_85314;cs_18606
ad_85314;cs_28438
ad_85314;cs_75621
ad_85314;cs_97264
ad_85314;cs_61839
ad_85314;cs_75476
ad_85314;cs_63324
ad_85314;cs_54324
ad_85314;cs_77136
ad_85314;cs_48415
ad_85314;cs_55477
ad_85314;cs_52430
ad_85314;cs_28127
ad_85314;cs_98221
ad_85314;cs_33910
ad_85314;cs_81042
ad_85314;cs_01494
ad_85314;cs_55630
ad_85314;cs_67733
ad_85314;cs_34300
ad_85314;cs_24858
ad_85314;cs_40172
ad_85314;cs_24268
ad_85314;cs_42913
ad_85314;cs_03293
ad_85314;cs_81837
ad_85314;cs_31737
ad_85314;cs_94555
ad_85314;cs_47966
ad_85314;cs_01488
ad_85314;cs_52596
ad_85314;cs_12501
ad_85314;cs_57242
ad_85314;cs_28024
ad_85314;cs_75752
ad_85314;cs_06621
ad_85314;cs_42985
ad_85314;cs_63550
ad_85314;cs_43556
ad_85314;cs_74288
ad_85314;cs_20918
ad_85314;cs_96288
ad_85314;cs_52350
ad_85314;cs_42748
ad_85314;cs_25910
ad_85314;cs_03720
ad_85314;cs_50122
ad_85314;cs_52229
ad_85314;cs_54973
ad_85314;cs_41054
ad_85314;cs_12519
ad_85314;cs_25116
ad_85314;cs_47315
ad_85314;cs_18780
ad_85314;cs_49151
ad_85314;cs_15108
ad_85314;cs_99716
ad_85314;cs_19854
ad_85314;cs_40623
ad_85314;cs_76970
ad_85314;cs_58132
ad_85314;cs_06307
ad_85314;cs_48663
ad_85314;cs_90405
ad_85314;cs_47105
ad_85314;cs_16572
ad_85314;cs_53046
ad_85314;cs_38938
ad_85314;cs_45444
ad_85314;cs_55469
ad_85314;cs_05844
ad_85314;cs_90574
ad_85314;cs_49674
ad_85314;cs_17333
ad_85314;cs_30350
ad_85314;cs_86215
ad_85314;cs_25087
ad_85314;cs_71583
ad_85314;cs_69874
ad_85314;cs_38129
ad_85314;cs_40634
ad_85314;cs_50851
ad_85314;cs_53452
ad_85314;cs_61493
ad_85314;cs_98000
ad_85314;cs_29821
ad_85314;cs_57033
ad_85314;cs_38773
ad_85314;cs_14840
ad_85314;cs_25209
ad_85314;cs_94190
ad_85314;cs_87479
ad_85314;cs_35615
ad_85314;cs_89548
ad_85314;cs_48710
ad_85314;cs_26054
ad_85314;cs_63594
ad_85314;cs_16321
ad_85314;cs_54269
ad_85314;cs_32354
ad_85314;cs_14074
ad_85314;cs_54766
ad_85314;cs_17817
ad_85314;cs_76849
ad_85314;cs_25790
ad_85314;cs_38095
ad_85314;cs_94807
ad_85314;cs_10135
ad_85314;cs_78809
ad_85314;cs_06095
ad_85314;cs_84326
ad_85314;cs_69251
ad_85314;cs_95075
ad_85314;cs_41106
ad_85314;cs_75237
ad_85314;cs_59967
ad_85314;cs_16943
ad_85314;cs_65522
ad_85314;cs_85434
ad_85314;cs_96242
ad_85314;cs_74470
ad_85314;cs_14838
ad_85314;cs_03631
ad_85314;cs_48950
ad_85314;cs_19595
ad_85314;cs_84566
ad_85314;cs_52721
ad_85314;cs_94274
ad_85314;cs_16037
ad_85314;cs_01847
ad_85314;cs_61903
ad_85314;cs_92565
ad_85314;cs_17953
ad_85314;cs_78885
ad_85314;cs_28184
ad_85314;cs_59613
ad_85314;cs_67337
ad_85314;cs_44651
ad_85314;cs_21674
ad_85314;cs_63063
ad_85314;cs_72325
ad_85314;cs_09902
ad_85314;cs_46217
ad_85314;cs_28612
ad_85314;cs_64000
ad_85314;cs_66290
ad_85314;cs_16032
ad_85314;cs_53584
ad_85314;cs_48196
ad_85314;cs_87255
ad_85314;cs_19838
ad_85314;cs_86563
ad_85314;cs_32716
ad_85314;cs_07973
ad_85314;cs_88520
ad_85314;cs_31650
ad_85314;cs_17912
ad_85314;cs_78484
ad_85314;cs_72791
ad_85314;cs_74365
ad_85314;cs_97739
ad_85314;cs_83784
ad_85314;cs_00056
ad_85314;cs_16781
ad_85314;cs_05427
ad_85314;cs_54442
ad_85314;cs_51950
ad_85314;cs_35737
ad_85314;cs_56789
ad_85314;cs_13435
ad_85314;cs_79119
ad_85314;cs_92615
ad_85314;cs_19667
ad_85314;cs_12640
ad_85314;cs_23903
ad_85314;cs_86971
ad_85314;cs_78419
ad_85314;cs_80432
ad_85314;cs_57434
ad_85314;cs_02047
ad_85314;cs_55503
ad_85314;cs_64291
ad_85314;cs_15762
ad_85314;cs_50465
ad_85314;cs_17215
ad_85314;cs_03150
ad_85314;cs_52653
ad_85314;cs_52373
ad_85314;cs_62805
ad_85314;cs_63041
ad_85314;cs_69749
ad_85314;cs_68026
ad_85314;cs_12615
ad_85314;cs_88975
ad_85314;cs_37029
ad_85314;cs_93542
ad_85314;cs_02966
ad_85314;cs_95635
ad_85314;cs_80597
ad_85314;cs_59551
ad_85314;cs_04629
ad_85314;cs_76434
ad_85314;cs_03849
ad_85314;cs_47918
ad_85314;cs_04626
ad_85314;cs_34999
ad_85314;cs_17453
ad_85314;cs_57130
ad_85314;cs_86543
ad_85314;cs_49968
ad_85314;cs_62309
ad_85314;cs_56496
ad_85314;cs_20003
ad_85314;cs_74964
ad_85314;cs_69031
ad_85314;cs_63319
ad_85314;cs_46096
ad_85314;cs_97403
ad_85314;cs_97449
ad_85314;cs_98353
ad_85314;cs_55298
ad_85314;cs_10113
ad_85314;cs_97219
ad_85314;cs_32965
ad_85314;cs_30026
ad_85314;cs_26173
ad_85314;cs_63473
ad_85314;cs_01363
ad_85314;cs_52752
ad_85314;cs_54653
ad_85314;cs_63271
ad_85314;cs_89929
ad_85314;cs_48810
ad_85314;cs_81469
ad_85314;cs_88447
ad_85314;cs_16503
ad_85314;cs_98595
ad_85314;cs_35998
ad_85314;cs_84726
ad_85314;cs_46987
ad_85314;cs_11801
ad_85314;cs_00446
ad_85314;cs_73922
ad_85314;cs_74346
ad_85314;cs_84422
ad_85314;cs_40185
ad_85314;cs_60913
ad_85314;cs_18536
ad_85314;cs_70138
ad_85314;cs_62437
ad_85314;cs_52234
ad_85314;cs_48043
ad_85314;cs_39892
ad_85314;cs_47482
ad_85314;cs_05208
ad_85314;cs_17549
ad_85314;cs_25697
ad_85314;cs_98146
ad_85314;cs_69716
ad_85314;cs_82016
ad_85314;cs_29133
ad_85314;cs_96927
ad_85314;cs_17811
ad_85314;cs_50618
ad_85314;cs_26233
ad_85314;cs_48100
ad_85314;cs_83183
ad_85314;cs_04839
ad_85314;cs_48296
ad_85314;cs_40247
ad_85314;cs_97995
ad_85314;cs_42218
ad_85314;cs_16288
ad_85314;cs_10122
ad_85314;cs_05503
ad_85314;cs_09551
ad_85314;cs_49752
ad_85314;cs_67264
ad_85314;cs_40756
ad_85314;cs_35416
ad_85314;cs_50634
ad_85314;cs_69019
ad_85314;cs_16274
ad_85314;cs_31587
ad_85314;cs_26183
ad_85314;cs_96403
ad_85314;cs_84953
ad_85314;cs_37557
ad_85314;cs_86809
ad_85314;cs_85590
ad_85314;cs_14636
ad_85314;cs_17111
ad_85314;cs_08858
ad_85314;cs_46330
ad_85314;cs_14011
ad_85314;cs_97917
ad_85314;cs_24968
ad_85314;cs_08995
ad_85314;cs_86713
ad_85314;cs_01586
ad_85314;cs_94620
ad_85314;cs_22546
ad_85314;cs_34391
ad_85314;cs_54004
ad_85314;cs_43033
ad_85314;cs_39517
ad_85314;cs_38159
ad_85314;cs_41990
ad_85314;cs_18982
ad_85314;cs_97759
ad_85314;cs_97166
ad_85314;cs_92900
ad_85314;cs_19866
ad_85314;cs_24679
ad_85314;cs_53429
ad_85314;cs_58466
ad_85314;cs_45157
ad_85314;cs_67584
ad_85314;cs_51242
ad_85314;cs_50286
ad_85314;cs_26424
ad_85314;cs_97367
ad_85314;cs_24834
ad_85314;cs_12031
ad_85314;cs_38193
ad_85314;cs_50296
ad_85314;cs_98976
ad_85314;cs_69781
ad_87754;cs_66445
ad_87754;cs_01893
ad_87754;cs_68193
ad_87754;cs_04790
ad_87754;cs_14975
ad_87754;cs_54338
ad_87754;cs_09355
ad_87754;cs_42177
ad_87754;cs_84857
ad_87754;cs_29910
ad_87754;cs_49651
ad_87754;cs_66982
ad_87754;cs_68799
ad_87754;cs_33257
ad_87754;cs_90926
ad_87754;cs_01783
ad_87754;cs_59583
ad_87754;cs_55814
ad_87754;cs_72714
ad_87754;cs_60477
ad_87754;cs_66532
ad_87754;cs_96223
ad_87754;cs_69313
ad_87754;cs_24985
ad_87754;cs_08940
ad_87754;cs_20081
ad_87754;cs_84950
ad_87754;cs_34886
ad_87754;cs_22265
ad_87754;cs_83882
ad_87754;cs_54591
ad_87754;cs_83976
ad_87754;cs_53065
ad_87754;cs_42063
ad_87754;cs_60719
ad_87754;cs_36482
ad_87754;cs_29123
ad_87754;cs_64422
ad_87754;cs_24608
ad_87754;cs_36930
ad_87754;cs_74807
ad_87754;cs_28330
ad_87754;cs_06730
ad_87754;cs_26366
ad_87754;cs_94508
ad_87754;cs_71402
ad_87754;cs_78136
ad_87754;cs_56749
ad_87754;cs_96749
ad_87754;cs_88216
ad_87754;cs_98994
ad_87754;cs_87086
ad_87754;cs_80914
ad_87754;cs_42016
ad_87754;cs_22106
ad_87754;cs_78671
ad_87754;cs_03082
ad_87754;cs_15972
ad_87754;cs_75625
ad_87754;cs_27693
ad_87754;cs_87021
ad_87754;cs_70597
ad_87754;cs_89467
ad_87754;cs_39920
ad_87754;cs_90190
ad_87754;cs_46533
ad_87754;cs_94685
ad_87754;cs_74525
ad_87754;cs_53249
ad_87754;cs_40895
ad_87754;cs_42537
ad_87754;cs_07720
ad_87754;cs_46679
ad_87754;cs_75593
ad_87754;cs_68850
ad_87754;cs_19100
ad_87754;cs_44928
ad_87754;cs_01445
ad_87754;cs_74730
ad_87754;cs_92909
ad_87754;cs_23583
ad_87754;cs_81265
ad_87754;cs_36269
ad_87754;cs_19761
ad_93361;cs_21135
ad_93361;cs_74108
ad_93361;cs_56288
ad_93361;cs_63380
ad_93361;cs_42422
ad_93361;cs_24024
ad_93361;cs_06234
ad_93361;cs_26889
ad_93361;cs_85099
ad_93361;cs_81151
ad_93361;cs_00062
ad_93361;cs_81755
ad_93361;cs_08291
ad_93361;cs_44716
ad_93361;cs_76804
ad_93361;cs_79821
ad_93361;cs_34348
ad_93361;cs_64936
ad_93361;cs_59241
ad_93361;cs_06577
ad_93361;cs_12164
ad_93361;cs_45574
ad_93361;cs_10598
ad_93361;cs_87564
ad_93361;cs_08514
ad_93361;cs_08672
ad_93361;cs_27193
ad_93361;cs_31486
ad_93361;cs_39531
ad_93361;cs_51308
ad_93361;cs_35695
ad_93361;cs_41569
ad_93361;cs_23023
ad_93361;cs_24399
ad_93361;cs_11170
ad_93361;cs_77898
ad_93361;cs_51413
ad_93361;cs_08414
ad_93361;cs_78321
ad_93361;cs_55451
ad_93361;cs_09134
ad_93361;cs_15067
ad_93361;cs_94212
ad_93361;cs_96767
ad_93361;cs_10299
ad_93361;cs_10475
ad_93361;cs_03777
ad_93361;cs_46488
ad_93361;cs_18344
ad_93361;cs_74375
ad_93361;cs_08530
ad_93361;cs_04081
ad_93361;cs_51965
ad_93361;cs_13517
ad_93361;cs_74026
ad_93361;cs_58395
ad_93361;cs_99938
ad_93361;cs_02757
ad_93361;cs_70554
ad_93361;cs_47378
ad_93361;cs_11204
ad_93361;cs_61498
ad_93361;cs_30391
ad_93361;cs_87953
ad_93361;cs_57775
ad_93361;cs_23125
ad_93361;cs_81860
ad_93361;cs_52168
ad_93361;cs_35344
ad_93361;cs_16872
ad_93361;cs_83302
ad_93361;cs_26533
ad_93361;cs_27836
ad_93361;cs_15296
ad_93361;cs_39352
ad_93361;cs_64128
ad_93361;cs_06350
ad_93361;cs_77755
ad_93361;cs_79564
ad_93361;cs_82403
ad_93361;cs_07243
ad_93361;cs_81185
ad_93361;cs_30134
ad_93981;cs_73984
ad_93981;cs_93006
ad_93981;cs_67327
ad_93981;cs_14033
ad_93981;cs_26679
ad_93981;cs_98323
ad_93981;cs_44033
ad_93981;cs_14000
ad_93981;cs_05829
ad_93981;cs_68893
ad_93981;cs_76183
ad_93981;cs_79359
ad_93981;cs_48228
ad_93981;cs_92420
ad_93981;cs_72443
ad_93981;cs_12589
ad_93981;cs_91121
ad_93981;cs_75929
ad_93981;cs_13139
ad_93981;cs_41724
ad_93981;cs_03563
ad_93981;cs_64159
ad_93981;cs_15787
ad_93981;cs_12248
ad_93981;cs_84820
ad_93981;cs_26344
ad_93981;cs_54206
ad_93981;cs_85479
ad_93981;cs_45384
ad_93981;cs_89558
ad_93981;cs_02891
ad_93981;cs_43724
ad_93981;cs_73622
ad_93981;cs_53753
ad_93981;cs_66757
ad_93981;cs_59728
ad_93981;cs_13967
ad_93981;cs_67099
ad_93981;cs_38871
ad_93981;cs_88695
ad_93981;cs_60068
ad_93981;cs_29241
ad_93981;cs_03476
ad_93981;cs_81926
ad_93981;cs_92104
ad_93981;cs_62253
ad_93981;cs_42535
ad_93981;cs_56874
ad_93981;cs_83702
ad_93981;cs_47656
ad_93981;cs_14286
ad_93981;cs_33918
ad_93981;cs_45900
ad_93981;cs_05851
ad_93981;cs_64854
ad_93981;cs_90792
ad_93981;cs_50640
ad_93981;cs_87379
ad_93981;cs_56713
ad_93981;cs_33399
ad_93981;cs_29377
ad_93981;cs_18821
ad_93981;cs_26682
ad_93981;cs_51060
ad_93981;cs_03196
ad_93981;cs_06573
ad_93981;cs_96828
ad_93981;cs_17456
ad_93981;cs_83786
ad_93981;cs_82684
ad_93981;cs_48874
ad_93981;cs_16777
ad_93981;cs_80284
ad_93981;cs_33748
ad_93981;cs_65678
ad_93981;cs_73649
ad_93981;cs_79652
ad_93981;cs_01790
ad_93981;cs_61267
ad_93981;cs_62953
ad_93981;cs_32814
ad_93981;cs_89858
ad_93981;cs_64242
ad_93981;cs_55386
ad_93981;cs_47183
ad_93981;cs_69919
ad_93981;cs_89845
ad_93981;cs_44612
ad_93981;cs_36039
ad_93981;cs_80068
ad_93981;cs_52962
ad_93981;cs_29406
ad_93981;cs_29782
ad_93981;cs_08836
ad_93981;cs_83409
ad_93981;cs_31296
ad_93981;cs_84177
ad_93981;cs_23332
ad_93981;cs_68181
ad_93981;cs_61294
ad_93981;cs_78692
ad_93981;cs_92719
ad_93981;cs_32271
ad_93981;cs_62671
ad_93981;cs_40468
ad_93981;cs_27745
ad_93981;cs_65135
ad_93981;cs_32683
ad_93981;cs_82135
ad_93981;cs_11271
ad_93981;cs_40486
ad_93981;cs_82777
ad_93981;cs_35304
ad_93981;cs_93676
ad_93981;cs_01308
ad_93981;cs_49796
ad_93981;cs_14689
ad_93981;cs_90165
ad_93981;cs_72552
ad_93981;cs_80838
ad_93981;cs_19210
ad_93981;cs_59110
ad_93981;cs_78271
ad_93981;cs_10442
ad_93981;cs_35025
ad_93981;cs_81741
ad_93981;cs_23955
ad_93981;cs_60697
ad_93981;cs_90321
ad_93981;cs_59411
ad_93981;cs_25995
ad_93981;cs_10149
ad_93981;cs_17498
ad_93981;cs_95590
ad_93981;cs_46437
ad_93981;cs_74643
ad_93981;cs_25095
ad_93981;cs_54211
ad_93981;cs_58490
ad_93981;cs_65802
ad_93981;cs_58488
ad_93981;cs_57062
ad_93981;cs_13506
ad_93981;cs_85647
ad_93981;cs_03960
ad_93981;cs_88994
ad_93981;cs_79330
ad_93981;cs_15913
ad_93981;cs_94391
ad_93981;cs_11660
ad_93981;cs_89059
ad_93981;cs_08426
ad_93981;cs_36211
ad_93981;cs_96971
ad_93981;cs_84337
ad_93981;cs_30634
ad_93981;cs_91191
ad_93981;cs_05733
ad_93981;cs_59156
ad_93981;cs_78816
ad_93981;cs_99330
ad_93981;cs_85106
ad_93981;cs_22988
ad_93981;cs_34653
ad_93981;cs_21019
ad_93981;cs_46270
ad_93981;cs_93857
ad_93981;cs_84023
ad_93981;cs_03802
ad_93981;cs_93010
ad_93981;cs_52424
ad_93981;cs_93036
ad_93981;cs_28842
ad_93981;cs_79980
ad_93981;cs_31657
ad_93981;cs_94925
ad_93981;cs_79392
ad_93981;cs_50950
ad_93981;cs_24275
ad_93981;cs_48373
ad_93981;cs_45087
ad_93981;cs_79091
ad_93981;cs_81050
ad_93981;cs_98478
ad_93981;cs_62948
ad_93981;cs_53873
ad_93981;cs_09735
ad_93981;cs_48748
ad_93981;cs_21899
ad_93981;cs_90080
ad_93981;cs_46172
ad_93981;cs_85302
ad_93981;cs_37653
ad_93981;cs_95129
ad_93981;cs_57801
ad_93981;cs_47349
ad_93981;cs_22150
ad_93981;cs_92726
ad_93981;cs_19290
ad_93981;cs_98584
ad_93981;cs_32494
ad_93981;cs_66751
ad_93981;cs_23248
ad_93981;cs_82604
ad_93981;cs_56761
ad_93981;cs_40737
ad_93981;cs_42233
ad_93981;cs_45382
ad_93981;cs_94623
ad_93981;cs_37676
ad_93981;cs_44313
ad_93981;cs_66748
ad_93981;cs_33378
ad_93981;cs_10295
ad_93981;cs_91552
ad_93981;cs_13340
ad_93981;cs_95400
ad_93981;cs_25201
ad_93981;cs_64284
ad_93981;cs_62889
ad_93981;cs_52750
ad_93981;cs_23111
ad_93981;cs_05989
ad_93981;cs_20620
ad_93981;cs_12531
ad_93981;cs_16893
ad_93981;cs_91481
ad_93981;cs_77228
ad_93981;cs_53581
ad_93981;cs_74487
ad_93981;cs_21878
ad_93981;cs_03128
ad_93981;cs_55168
ad_93981;cs_61372
ad_93981;cs_28232
ad_93981;cs_46884
ad_93981;cs_77771
ad_93981;cs_61592
ad_93981;cs_27313
ad_93981;cs_77966
ad_93981;cs_32624
ad_93981;cs_06821
ad_93981;cs_46549
ad_93981;cs_45688
ad_93981;cs_80915
ad_93981;cs_43990
ad_93981;cs_20906
ad_93981;cs_49458
ad_93981;cs_63681
ad_93981;cs_93896
ad_93981;cs_21473
ad_93981;cs_87950
ad_93981;cs_56185
ad_93981;cs_45203
ad_93981;cs_71619
ad_93981;cs_07564
ad_93981;cs_10486
ad_93981;cs_28646
ad_93981;cs_16459
ad_93981;cs_47269
ad_93981;cs_51281
ad_93981;cs_97284
ad_93981;cs_89738
ad_93981;cs_42769
ad_93981;cs_25124
ad_93981;cs_53871
ad_93981;cs_53637
ad_93981;cs_88898
ad_93981;cs_88497
ad_93981;cs_74058
ad_93981;cs_94573
ad_93981;cs_46485
ad_93981;cs_17155
ad_93981;cs_23148
ad_93981;cs_21776
ad_93981;cs_73460
ad_93981;cs_74403
ad_93981;cs_98501
ad_93981;cs_44003
ad_93981;cs_44946
ad_93981;cs_42306
ad_93981;cs_73749
ad_93981;cs_29091
ad_93981;cs_43115
ad_93981;cs_88684
ad_93981;cs_07753
ad_93981;cs_61385
ad_93981;cs_93860
ad_93981;cs_74156
ad_93981;cs_16377
ad_93981;cs_29371
ad_93981;cs_37603
ad_93981;cs_34336
ad_93981;cs_59644
ad_93981;cs_55266
ad_93981;cs_54135
ad_93981;cs_66563
ad_93981;cs_90039
ad_93981;cs_71984
ad_93981;cs_38363
ad_93981;cs_81181
ad_93981;cs_95490
ad_93981;cs_19785
ad_93981;cs_00880
ad_93981;cs_80265
ad_93981;cs_67408
ad_93981;cs_71151
ad_93981;cs_46408
ad_93981;cs_32681
ad_93981;cs_56077
ad_93981;cs_59253
ad_93981;cs_12697
ad_93981;cs_31835
ad_93981;cs_45517
ad_93981;cs_19066
ad_93981;cs_48819
ad_93981;cs_77767
ad_93981;cs_28117
ad_93981;cs_78914
ad_93981;cs_39563
ad_93981;cs_31533
ad_93981;cs_58526
ad_93981;cs_44283
ad_93981;cs_90714
ad_93981;cs_84992
ad_93981;cs_63236
ad_93981;cs_04473
ad_93981;cs_89619
ad_93981;cs_98884
ad_93981;cs_58291
ad_93981;cs_51430
ad_93981;cs_60395
ad_93981;cs_23083
ad_93981;cs_96471
ad_93981;cs_28768
ad_93981;cs_35308
ad_93981;cs_85735
ad_97980;cs_36476
ad_97980;cs_83105
ad_97980;cs_06994
ad_97980;cs_86976
ad_97980;cs_28010
ad_97980;cs_22352
ad_97980;cs_12930
ad_97980;cs_13181
ad_97980;cs_29617
ad_97980;cs_84096
ad_97980;cs_75603
ad_97980;cs_29733
ad_97980;cs_34434
ad_97980;cs_31358
ad_97980;cs_57902
ad_97980;cs_33941
ad_97980;cs_60647
ad_97980;cs_69081
ad_97980;cs_81412
ad_97980;cs_94427
ad_97980;cs_99747
ad_97980;cs_99510
ad_97980;cs_76448
ad_97980;cs_44555
ad_97980;cs_67271
ad_97980;cs_60935
ad_97980;cs_49821
ad_97980;cs_03068
ad_97980;cs_85131
ad_97980;cs_57088
ad_97980;cs_02583
ad_97980;cs_76788
ad_97980;cs_22299
ad_97980;cs_84327
ad_97980;cs_00856
ad_97980;cs_38438
ad_97980;cs_64351
ad_97980;cs_97127
ad_97980;cs_44770
ad_97980;cs_81216
ad_97980;cs_87481
ad_97980;cs_19486
ad_97980;cs_38562
ad_97980;cs_91216
ad_97980;cs_79860
ad_97980;cs_31547
ad_97980;cs_39540
ad_97980;cs_51091
ad_97980;cs_75183
ad_97980;cs_00205
ad_97980;cs_98030
ad_97980;cs_15915
ad_97980;cs_35752
ad_97980;cs_72654
ad_97980;cs_85100
ad_97980;cs_44970
ad_97980;cs_03538
ad_97980;cs_29384
ad_97980;cs_92223
ad_97980;cs_55377
ad_97980;cs_68103
ad_97980;cs_51881
ad_97980;cs_98607
ad_97980;cs_79224
ad_97980;cs_46828
ad_97980;cs_42899
ad_97980;cs_53475
ad_97980;cs_16131
ad_97980;cs_22051
ad_97980;cs_97975
ad_97980;cs_15605
ad_97980;cs_19863
ad_97980;cs_21050
ad_97980;cs_29828
ad_97980;cs_01607
ad_97980;cs_71789
ad_97980;cs_11311
ad_97980;cs_39383
ad_97980;cs_59697
ad_97980;cs_77635
ad_97980;cs_58448
ad_97980;cs_46692
ad_97980;cs_97937
ad_97980;cs_55841
ad_97980;cs_78819
ad_97980;cs_02278
ad_97980;cs_13594
ad_97980;cs_94836
ad_97980;cs_78573
ad_97980;cs_32700
ad_97980;cs_90160
ad_97980;cs_49876
ad_97980;cs_41022
ad_97980;cs_42733
ad_97980;cs_88466
ad_97980;cs_49510
ad_97980;cs_21927
ad_97980;cs_64929
ad_97980;cs_91421
ad_97980;cs_08613
ad_97980;cs_69914
ad_97980;cs_14826
ad_97980;cs_19577
ad_97980;cs_46751
ad_97980;cs_23466
ad_97980;cs_67372
ad_97980;cs_24219
ad_97980;cs_31857
ad_97980;cs_30264
ad_97980;cs_69363
ad_97980;cs_16404
ad_97980;cs_31111
ad_97980;cs_80151
ad_97980;cs_01794
ad_97980;cs_67763
ad_97980;cs_97146
ad_97980;cs_07290
ad_97980;cs_52037
ad_97980;cs_46891
ad_97980;cs_78293
ad_97980;cs_78968
ad_97980;cs_67467
ad_97980;cs_77035
ad_97980;cs_46049
ad_97980;cs_88136
ad_97980;cs_59450
ad_97980;cs_90141
ad_97980;cs_94750
ad_97980;cs_85478
ad_97980;cs_29686
ad_97980;cs_21559
ad_97980;cs_24151
ad_97980;cs_61432
ad_97980;cs_27510
ad_97980;cs_66284
ad_97980;cs_67195
ad_97980;cs_85966
ad_97980;cs_85878
ad_97980;cs_05698
ad_97980;cs_70522
ad_97980;cs_11836
ad_97980;cs_39288
ad_97980;cs_69485
ad_97980;cs_01048
ad_97980;cs_16248
ad_97980;cs_07622
ad_97980;cs_57280
ad_97980;cs_59098
ad_97980;cs_38959
ad_97980;cs_81196
ad_97980;cs_70186
ad_97980;cs_45140
ad_97980;cs_13063
ad_97980;cs_54828
ad_97980;cs_38518
ad_97980;cs_63086
ad_97980;cs_59524
ad_97980;cs_03750
ad_97980;cs_88468
ad_97980;cs_47290
ad_97980;cs_54399
ad_97980;cs_32383
ad_97980;cs_07546
ad_97980;cs_15502
ad_97980;cs_52488
ad_97980;cs_64958
ad_97980;cs_31585
ad_97980;cs_26491
ad_97980;cs_39981
ad_97980;cs_43877
ad_97980;cs_00332
ad_97980;cs_09495
ad_97980;cs_68114
ad_97980;cs_22907
ad_97980;cs_12582
ad_97980;cs_66281
ad_97980;cs_87721
ad_97980;cs_01619
ad_97980;cs_89102
ad_97980;cs_06610
ad_97980;cs_52798
ad_97980;cs_33546
ad_97980;cs_29738
ad_97980;cs_17650
ad_97980;cs_46476
ad_97980;cs_04943
ad_97980;cs_79804
ad_97980;cs_97697
ad_97980;cs_51469
ad_97980;cs_10490
ad_97980;cs_99492
ad_97980;cs_78026
ad_97980;cs_24810
ad_97980;cs_08336
ad_97980;cs_47744
ad_97980;cs_81337
ad_97980;cs_66929
ad_97980;cs_03392
ad_97980;cs_48731
ad_97980;cs_33783
ad_97980;cs_90843
ad_97980;cs_49175
ad_97980;cs_17719
ad_97980;cs_72826
ad_97980;cs_83633
ad_97980;cs_35422
ad_97980;cs_86231
ad_97980;cs_53273
ad_97980;cs_37456
ad_97980;cs_17580
ad_97980;cs_41188
ad_97980;cs_93988
ad_97980;cs_05528
ad_97980;cs_44790
ad_97980;cs_19615
ad_97980;cs_61403
ad_97980;cs_73399
ad_97980;cs_06998
ad_97980;cs_11857
ad_97980;cs_31805
ad_97980;cs_66404
ad_97980;cs_45148
ad_97980;cs_81186
ad_97980;cs_21308
ad_97980;cs_29309
ad_97980;cs_43383
ad_97980;cs_51979
ad_97980;cs_23654
ad_97980;cs_68786
ad_97980;cs_34649
ad_97980;cs_92001
ad_97980;cs_19361
ad_97980;cs_60783
ad_97980;cs_80095
ad_97980;cs_88535
ad_97980;cs_62485